sec,satisfaction
0,0
60,0
120,0
180,0
240,0
300,0
360,0
420,0
480,0
540,0
600,0
660,0
720,0
780,0
840,0
900,0
960,0
1020,0
1080,0
1140,0
1200,0
1260,0
1320,0
1380,0
1440,0
1500,0
1560,0
1620,0
1680,0
1740,0
1800,0
1860,0
1920,0
1980,0
2040,0
2100,0
2160,0
2220,0
2280,0
2340,0
2400,0
2460,0
2520,0
2580,0
2640,0
2700,0
2760,0
2820,0
2880,0
2940,0
3000,0
3060,0
3120,0
3180,0
3240,0
3300,0
3360,0
3420,0
3480,0
3540,0
3600,0
3660,0
3720,0
3780,0
3840,0
3900,0
3960,0
4020,0
4080,0
4140,0
4200,0
4260,0
4320,0
4380,0
4440,0
4500,0
4560,0
4620,0
4680,0
4740,0
4800,0
4860,0
4920,0
4980,0
5040,0
5100,0
5160,0
5220,0
5280,0
5340,0
5400,0
5460,0
5520,0
5580,0
5640,0
5700,0
5760,0
5820,0
5880,0
5940,0
6000,0
6060,0
6120,0
6180,0
6240,0
6300,0
6360,0
6420,0
6480,0
6540,0
6600,0
6660,0
6720,0
6780,0
6840,0
6900,0
6960,0
7020,0
7080,0
7140,0
7200,0
7260,0
7320,0
7380,0
7440,0
7500,0
7560,0
7620,0
7680,0
7740,0
7800,0
7860,0
7920,0
7980,0
8040,0
8100,0
8160,0
8220,0
8280,0
8340,0
8400,0
8460,0
8520,0
8580,0
8640,0
8700,0
8760,0
8820,0
8880,0
8940,0
9000,0
9060,0
9120,0
9180,0
9240,0
9300,0
9360,0
9420,0
9480,0
9540,0
9600,0
9660,0
9720,0
9780,0
9840,0
9900,0
9960,0
10020,0
10080,0
10140,0
10200,0
10260,0
10320,0
10380,0
10440,0
10500,0
10560,0
10620,0
10680,0
10740,0
10800,0
10860,0
10920,0
10980,0
11040,0
11100,0
11160,0
11220,0
11280,0
11340,0
11400,0
11460,0
11520,0
11580,0
11640,0
11700,0
11760,0
11820,0
11880,0
11940,0
12000,0
12060,0
12120,0
12180,0
12240,0
12300,0
12360,0
12420,0
12480,0
12540,0
12600,0
12660,0
12720,0
12780,0
12840,0
12900,0
12960,0
13020,0
13080,0
13140,0
13200,0
13260,0
13320,0
13380,0
13440,0
13500,0
13560,0
13620,0
13680,0
13740,0
13800,0
13860,0
13920,0
13980,0
14040,0
14100,0
14160,0
14220,0
14280,0
14340,0
14400,0
14460,0
14520,0
14580,0
14640,0
14700,0
14760,0
14820,0
14880,0
14940,0
15000,0
15060,0
15120,0
15180,0
15240,0
15300,0
15360,0
15420,0
15480,0
15540,0
15600,0
15660,0
15720,0
15780,0
15840,0
15900,0
15960,0
16020,0
16080,0
16140,0
16200,0
16260,0
16320,0
16380,0
16440,0
16500,0
16560,0
16620,0
16680,0
16740,0
16800,0
16860,0
16920,0
16980,0
17040,0
17100,0
17160,0
17220,0
17280,0
17340,0
17400,0
17460,0
17520,0
17580,0
17640,0
17700,0
17760,0
17820,0
17880,0
17940,0
18000,0
18060,0
18120,0
18180,0
18240,0
18300,0
18360,0
18420,0
18480,0
18540,0
18600,0
18660,0
18720,0
18780,0
18840,0
18900,0
18960,0
19020,0
19080,0
19140,0
19200,0
19260,0
19320,0
19380,0
19440,0
19500,0
19560,0
19620,0
19680,0
19740,0
19800,0
19860,0
19920,0
19980,0
20040,0
20100,0
20160,0
20220,0
20280,0
20340,0
20400,0
20460,0
20520,0
20580,0
20640,0
20700,0
20760,0
20820,0
20880,0
20940,0
21000,0
21060,0
21120,0
21180,0
21240,0
21300,0
21360,0
21420,0
21480,0
21540,0
21600,0
21660,0
21720,0
21780,0
21840,0
21900,0
21960,0
22020,0
22080,0
22140,0
22200,0
22260,0
22320,0
22380,0
22440,0
22500,0
22560,0
22620,0
22680,0
22740,0
22800,0
22860,0
22920,0
22980,0
23040,0
23100,0
23160,0
23220,0
23280,0
23340,0
23400,0
23460,0
23520,0
23580,0
23640,0
23700,0
23760,0
23820,0
23880,0
23940,0
24000,0
24060,0
24120,0
24180,0
24240,0
24300,0
24360,0
24420,0
24480,0
24540,0
24600,0
24660,0
24720,0
24780,0
24840,0
24900,0
24960,0
25020,0
25080,0
25140,0
25200,0
25260,0
25320,0
25380,0
25440,0
25500,0
25560,0
25620,0
25680,0
25740,0
25800,0
25860,0
25920,0
25980,0
26040,0
26100,0
26160,0
26220,0
26280,0
26340,0
26400,0
26460,0
26520,0
26580,0
26640,0
26700,0
26760,0
26820,0
26880,0
26940,0
27000,0
27060,0
27120,0
27180,0
27240,0
27300,0
27360,0
27420,0
27480,0
27540,0
27600,0
27660,0
27720,0
27780,0
27840,0
27900,0
27960,0
28020,0
28080,0
28140,0
28200,0
28260,0
28320,0
28380,0
28440,0
28500,0
28560,0
28620,0
28680,0
28740,0
28800,0
28860,0
28920,0
28980,0
29040,0
29100,0
29160,0
29220,0
29280,0
29340,0
29400,0
29460,0
29520,0
29580,0
29640,0
29700,0
29760,0
29820,0
29880,0
29940,0
30000,0
30060,0
30120,0
30180,0
30240,0
30300,0
30360,0
30420,0
30480,0
30540,0
30600,0
30660,0
30720,0
30780,0
30840,0
30900,0
30960,0
31020,0
31080,0
31140,0
31200,0
31260,0
31320,10
31380,10
31440,10
31500,10
31560,10
31620,10
31680,10
31740,10
31800,20
31860,40
31920,40
31980,40
32040,40
32100,50
32160,50
32220,50
32280,50
32340,60
32400,60
32460,80
32520,80
32580,80
32640,90
32700,90
32760,90
32820,90
32880,90
32940,90
33000,98
33060,105
33120,105
33180,112
33240,117
33300,129
33360,139
33420,149
33480,164
33540,145
33600,148
33660,158
33720,168
33780,176
33840,179
33900,179
33960,195
34020,205
34080,205
34140,205
34200,209
34260,209
34320,217
34380,227
34440,244
34500,244
34560,241
34620,250
34680,257
34740,257
34800,257
34860,257
34920,257
34980,265
35040,268
35100,268
35160,274
35220,279
35280,265
35340,265
35400,281
35460,291
35520,291
35580,291
35640,288
35700,306
35760,298
35820,304
35880,304
35940,295
36000,305
36060,305
36120,305
36180,314
36240,314
36300,292
36360,292
36420,292
36480,285
36540,285
36600,272
36660,275
36720,259
36780,259
36840,269
36900,259
36960,272
37020,262
37080,257
37140,247
37200,253
37260,253
37320,237
37380,259
37440,264
37500,235
37560,220
37620,238
37680,224
37740,224
37800,231
37860,221
37920,226
37980,219
38040,226
38100,231
38160,231
38220,202
38280,202
38340,205
38400,204
38460,214
38520,203
38580,213
38640,222
38700,232
38760,234
38820,234
38880,234
38940,234
39000,244
39060,252
39120,267
39180,260
39240,252
39300,240
39360,253
39420,259
39480,246
39540,246
39600,251
39660,251
39720,269
39780,269
39840,279
39900,279
39960,279
40020,279
40080,285
40140,264
40200,273
40260,273
40320,297
40380,296
40440,287
40500,287
40560,270
40620,267
40680,278
40740,268
40800,263
40860,272
40920,257
40980,252
41040,266
41100,267
41160,258
41220,301
41280,311
41340,309
41400,274
41460,263
41520,265
41580,245
41640,242
41700,245
41760,262
41820,268
41880,252
41940,273
42000,273
42060,263
42120,283
42180,295
42240,295
42300,295
42360,295
42420,295
42480,295
42540,289
42600,245
42660,229
42720,271
42780,271
42840,271
42900,271
42960,279
43020,285
43080,285
43140,275
43200,275
43260,275
43320,280
43380,287
43440,287
43500,287
43560,284
43620,284
43680,287
43740,287
43800,292
43860,292
43920,292
43980,309
44040,309
44100,309
44160,309
44220,319
44280,329
44340,329
44400,336
44460,339
44520,330
44580,310
44640,319
44700,304
44760,314
44820,320
44880,327
44940,306
45000,309
45060,309
45120,299
45180,294
45240,300
45300,286
45360,270
45420,270
45480,270
45540,270
45600,252
45660,260
45720,250
45780,250
45840,250
45900,250
45960,254
46020,244
46080,245
46140,245
46200,236
46260,236
46320,251
46380,251
46440,251
46500,240
46560,248
46620,246
46680,262
46740,239
46800,230
46860,220
46920,210
46980,202
47040,192
47100,199
47160,179
47220,175
47280,175
47340,169
47400,176
47460,181
47520,167
47580,193
47640,189
47700,189
47760,182
47820,185
47880,185
47940,191
48000,196
48060,196
48120,186
48180,166
48240,162
48300,163
48360,193
48420,193
48480,190
48540,184
48600,184
48660,177
48720,169
48780,160
48840,150
48900,145
48960,135
49020,116
49080,116
49140,106
49200,118
49260,115
49320,125
49380,105
49440,105
49500,105
49560,98
49620,106
49680,103
49740,104
49800,94
49860,84
49920,90
49980,85
50040,85
50100,85
50160,85
50220,75
50280,75
50340,65
50400,65
50460,65
50520,65
50580,57
50640,47
50700,47
50760,40
50820,40
50880,40
50940,40
51000,40
51060,40
51120,40
51180,40
51240,40
51300,39
51360,49
51420,48
51480,48
51540,58
51600,83
51660,83
51720,86
51780,86
51840,91
51900,101
51960,101
52020,106
52080,145
52140,146
52200,136
52260,156
52320,156
52380,156
52440,166
52500,166
52560,175
52620,188
52680,188
52740,198
52800,198
52860,198
52920,218
52980,218
53040,222
53100,222
53160,240
53220,247
53280,247
53340,247
53400,246
53460,246
53520,246
53580,246
53640,243
53700,262
53760,262
53820,269
53880,277
53940,277
54000,282
54060,273
54120,273
54180,283
54240,288
54300,239
54360,243
54420,255
54480,244
54540,254
54600,254
54660,271
54720,271
54780,263
54840,250
54900,241
54960,241
55020,241
55080,238
55140,241
55200,250
55260,255
55320,240
55380,232
55440,256
55500,258
55560,252
55620,252
55680,252
55740,252
55800,260
55860,260
55920,271
55980,271
56040,271
56100,280
56160,284
56220,284
56280,293
56340,298
56400,306
56460,325
56520,322
56580,323
56640,323
56700,323
56760,323
56820,323
56880,313
56940,303
57000,307
57060,307
57120,304
57180,279
57240,280
57300,275
57360,294
57420,302
57480,295
57540,286
57600,285
57660,252
57720,238
57780,219
57840,209
57900,209
57960,218
58020,211
58080,210
58140,217
58200,228
58260,238
58320,238
58380,224
58440,222
58500,224
58560,224
58620,224
58680,224
58740,267
58800,265
58860,265
58920,272
58980,278
59040,287
59100,296
59160,295
59220,295
59280,286
59340,286
59400,299
59460,299
59520,299
59580,305
59640,305
59700,305
59760,305
59820,299
59880,299
59940,299
60000,299
60060,299
60120,294
60180,301
60240,311
60300,311
60360,302
60420,302
60480,302
60540,323
60600,323
60660,323
60720,315
60780,322
60840,322
60900,322
60960,322
61020,312
61080,312
61140,312
61200,303
61260,293
61320,283
61380,283
61440,283
61500,283
61560,263
61620,263
61680,263
61740,263
61800,250
61860,267
61920,267
61980,276
62040,276
62100,273
62160,273
62220,273
62280,273
62340,267
62400,267
62460,276
62520,276
62580,266
62640,266
62700,266
62760,266
62820,266
62880,255
62940,255
63000,268
63060,268
63120,268
63180,268
63240,268
63300,268
63360,268
63420,263
63480,263
63540,263
63600,275
63660,275
63720,275
63780,275
63840,274
63900,264
63960,272
64020,265
64080,257
64140,257
64200,257
64260,257
64320,262
64380,262
64440,262
64500,272
64560,272
64620,265
64680,265
64740,265
64800,275
64860,275
64920,269
64980,269
65040,254
65100,224
65160,224
65220,221
65280,204
65340,204
65400,213
65460,203
65520,212
65580,202
65640,203
65700,203
65760,213
65820,213
65880,213
65940,186
66000,186
66060,186
66120,186
66180,182
66240,182
66300,182
66360,194
66420,180
66480,182
66540,192
66600,173
66660,182
66720,163
66780,158
66840,149
66900,152
66960,155
67020,155
67080,163
67140,200
67200,196
67260,199
67320,199
67380,204
67440,194
67500,184
67560,176
67620,176
67680,186
67740,195
67800,194
67860,170
67920,170
67980,176
68040,176
68100,186
68160,186
68220,176
68280,157
68340,157
68400,157
68460,149
68520,149
68580,149
68640,132
68700,132
68760,128
68820,118
68880,126
68940,126
69000,113
69060,113
69120,121
69180,112
69240,129
69300,150
69360,150
69420,156
69480,156
69540,156
69600,156
69660,156
69720,156
69780,156
69840,146
69900,164
69960,164
70020,164
70080,157
70140,157
70200,148
70260,148
70320,138
70380,128
70440,128
70500,128
70560,128
70620,128
70680,119
70740,119
70800,104
70860,94
70920,94
70980,85
71040,85
71100,67
71160,67
71220,66
71280,56
71340,56
71400,56
71460,56
71520,56
71580,56
71640,56
71700,34
71760,34
71820,30
71880,20
71940,20
72000,20
72060,20
72120,20
72180,20
72240,10
72300,10
72360,0
72420,0
72480,0
72540,0
72600,0
72660,0
72720,0
72780,0
72840,0
72900,0
72960,0
73020,0
73080,0
73140,0
73200,0
73260,0
73320,0
73380,0
73440,0
73500,0
73560,0
73620,0
73680,0
73740,0
73800,0
73860,0
73920,0
73980,0
74040,0
74100,0
74160,0
74220,0
74280,0
74340,0
74400,0
74460,0
74520,0
74580,0
74640,0
74700,0
74760,0
74820,0
74880,0
74940,0
75000,0
75060,0
75120,0
75180,0
75240,0
75300,0
75360,0
75420,0
75480,0
75540,0
75600,0
75660,0
75720,0
75780,0
75840,0
75900,0
75960,0
76020,0
76080,0
76140,0
76200,0
76260,0
76320,0
76380,0
76440,0
76500,0
76560,0
76620,0
76680,0
76740,0
76800,0
76860,0
76920,0
76980,0
77040,0
77100,0
77160,0
77220,0
77280,0
77340,0
77400,0
77460,0
77520,0
77580,0
77640,0
77700,0
77760,0
77820,0
77880,0
77940,0
78000,0
78060,0
78120,0
78180,0
78240,0
78300,0
78360,0
78420,0
78480,0
78540,0
78600,0
78660,0
78720,0
78780,0
78840,0
78900,0
78960,0
79020,0
79080,0
79140,0
79200,0
79260,0
79320,0
79380,0
79440,0
79500,0
79560,0
79620,0
79680,0
79740,0
79800,0
79860,0
79920,0
79980,0
80040,0
80100,0
80160,0
80220,0
80280,0
80340,0
80400,0
80460,0
80520,0
80580,0
80640,0
80700,0
80760,0
80820,0
80880,0
80940,0
81000,0
81060,0
81120,0
81180,0
81240,0
81300,0
81360,0
81420,0
81480,0
81540,0
81600,0
81660,0
81720,0
81780,0
81840,0
81900,0
81960,0
82020,0
82080,0
82140,0
82200,0
82260,0
82320,0
82380,0
82440,0
82500,0
82560,0
82620,0
82680,0
82740,0
82800,0
82860,0
82920,0
82980,0
83040,0
83100,0
83160,0
83220,0
83280,0
83340,0
83400,0
83460,0
83520,0
83580,0
83640,0
83700,0
83760,0
83820,0
83880,0
83940,0
84000,0
84060,0
84120,0
84180,0
84240,0
84300,0
84360,0
84420,0
84480,0
84540,0
84600,0
84660,0
84720,0
84780,0
84840,0
84900,0
84960,0
85020,0
85080,0
85140,0
85200,0
85260,0
85320,0
85380,0
85440,0
85500,0
85560,0
85620,0
85680,0
85740,0
85800,0
85860,0
85920,0
85980,0
86040,0
86100,0
86160,0
86220,0
86280,0
86340,0
86400,0
86460,0
86520,0
86580,0
86640,0
86700,0
86760,0
86820,0
86880,0
86940,0
87000,0
87060,0
87120,0
87180,0
87240,0
87300,0
87360,0
87420,0
87480,0
87540,0
87600,0
87660,0
87720,0
87780,0
87840,0
87900,0
87960,0
88020,0
88080,0
88140,0
88200,0
88260,0
88320,0
88380,0
88440,0
88500,0
88560,0
88620,0
88680,0
88740,0
88800,0
88860,0
88920,0
88980,0
89040,0
89100,0
89160,0
89220,0
89280,0
89340,0
89400,0
89460,0
89520,0
89580,0
89640,0
89700,0
89760,0
89820,0
89880,0
89940,0
90000,0
90060,0
90120,0
90180,0
90240,0
90300,0
90360,0
90420,0
90480,0
90540,0
90600,0
90660,0
90720,0
90780,0
90840,0
90900,0
90960,0
91020,0
91080,0
91140,0
91200,0
91260,0
91320,0
91380,0
91440,0
91500,0
91560,0
91620,0
91680,0
91740,0
91800,0
91860,0
91920,0
91980,0
92040,0
92100,0
92160,0
92220,0
92280,0
92340,0
92400,0
92460,0
92520,0
92580,0
92640,0
92700,0
92760,0
92820,0
92880,0
92940,0
93000,0
93060,0
93120,0
93180,0
93240,0
93300,0
93360,0
93420,0
93480,0
93540,0
93600,0
93660,0
93720,0
93780,0
93840,0
93900,0
93960,0
94020,0
94080,0
94140,0
94200,0
94260,0
94320,0
94380,0
94440,0
94500,0
94560,0
94620,0
94680,0
94740,0
94800,0
94860,0
94920,0
94980,0
95040,0
95100,0
95160,0
95220,0
95280,0
95340,0
95400,0
95460,0
95520,0
95580,0
95640,0
95700,0
95760,0
95820,0
95880,0
95940,0
96000,0
96060,0
96120,0
96180,0
96240,0
96300,0
96360,0
96420,0
96480,0
96540,0
96600,0
96660,0
96720,0
96780,0
96840,0
96900,0
96960,0
97020,0
97080,0
97140,0
97200,0
97260,0
97320,0
97380,0
97440,0
97500,0
97560,0
97620,0
97680,0
97740,0
97800,0
97860,0
97920,0
97980,0
98040,0
98100,0
98160,0
98220,0
98280,0
98340,0
98400,0
98460,0
98520,0
98580,0
98640,0
98700,0
98760,0
98820,0
98880,0
98940,0
99000,0
99060,0
99120,0
99180,0
99240,0
99300,0
99360,0
99420,0
99480,0
99540,0
99600,0
99660,0
99720,0
99780,0
99840,0
99900,0
99960,0
100020,0
100080,0
100140,0
100200,0
100260,0
100320,0
100380,0
100440,0
100500,0
100560,0
100620,0
100680,0
100740,0
100800,0
100860,0
100920,0
100980,0
101040,0
101100,0
101160,0
101220,0
101280,0
101340,0
101400,0
101460,0
101520,0
101580,0
101640,0
101700,0
101760,0
101820,0
101880,0
101940,0
102000,0
102060,0
102120,0
102180,0
102240,0
102300,0
102360,0
102420,0
102480,0
102540,0
102600,0
102660,0
102720,0
102780,0
102840,0
102900,0
102960,0
103020,0
103080,0
103140,0
103200,0
103260,0
103320,0
103380,0
103440,0
103500,0
103560,0
103620,0
103680,0
103740,0
103800,0
103860,0
103920,0
103980,0
104040,0
104100,0
104160,0
104220,0
104280,0
104340,0
104400,0
104460,0
104520,0
104580,0
104640,0
104700,0
104760,0
104820,0
104880,0
104940,0
105000,0
105060,0
105120,0
105180,0
105240,0
105300,0
105360,0
105420,0
105480,0
105540,0
105600,0
105660,0
105720,0
105780,0
105840,0
105900,0
105960,0
106020,0
106080,0
106140,0
106200,0
106260,0
106320,0
106380,0
106440,0
106500,0
106560,0
106620,0
106680,0
106740,0
106800,0
106860,0
106920,0
106980,0
107040,0
107100,0
107160,0
107220,0
107280,0
107340,0
107400,0
107460,0
107520,0
107580,0
107640,0
107700,0
107760,0
107820,0
107880,0
107940,0
108000,0
108060,0
108120,0
108180,0
108240,0
108300,0
108360,0
108420,0
108480,0
108540,0
108600,0
108660,0
108720,0
108780,0
108840,0
108900,0
108960,0
109020,0
109080,0
109140,0
109200,0
109260,0
109320,0
109380,0
109440,0
109500,0
109560,0
109620,0
109680,0
109740,0
109800,0
109860,0
109920,0
109980,0
110040,0
110100,0
110160,0
110220,0
110280,0
110340,0
110400,0
110460,0
110520,0
110580,0
110640,0
110700,0
110760,0
110820,0
110880,0
110940,0
111000,0
111060,0
111120,0
111180,0
111240,0
111300,0
111360,0
111420,0
111480,0
111540,0
111600,0
111660,0
111720,0
111780,0
111840,0
111900,0
111960,0
112020,0
112080,0
112140,0
112200,0
112260,0
112320,0
112380,0
112440,0
112500,0
112560,0
112620,0
112680,0
112740,0
112800,0
112860,0
112920,0
112980,0
113040,0
113100,0
113160,0
113220,0
113280,0
113340,0
113400,0
113460,0
113520,0
113580,0
113640,0
113700,0
113760,0
113820,0
113880,0
113940,0
114000,0
114060,0
114120,0
114180,0
114240,0
114300,0
114360,0
114420,0
114480,0
114540,0
114600,0
114660,0
114720,0
114780,0
114840,0
114900,0
114960,0
115020,0
115080,0
115140,0
115200,0
115260,0
115320,0
115380,0
115440,0
115500,0
115560,0
115620,0
115680,0
115740,0
115800,0
115860,0
115920,0
115980,0
116040,0
116100,0
116160,0
116220,0
116280,0
116340,0
116400,0
116460,0
116520,0
116580,0
116640,0
116700,0
116760,0
116820,0
116880,0
116940,0
117000,0
117060,0
117120,0
117180,0
117240,0
117300,0
117360,0
117420,0
117480,0
117540,0
117600,0
117660,0
117720,20
117780,20
117840,20
117900,20
117960,20
118020,20
118080,20
118140,20
118200,20
118260,40
118320,40
118380,40
118440,40
118500,50
118560,50
118620,50
118680,50
118740,70
118800,70
118860,70
118920,70
118980,70
119040,79
119100,79
119160,79
119220,89
119280,89
119340,98
119400,98
119460,98
119520,107
119580,122
119640,125
119700,137
119760,137
119820,137
119880,137
119940,146
120000,160
120060,176
120120,186
120180,196
120240,206
120300,215
120360,225
120420,244
120480,244
120540,244
120600,254
120660,254
120720,256
120780,271
120840,287
120900,287
120960,284
121020,284
121080,294
121140,302
121200,279
121260,279
121320,297
121380,297
121440,297
121500,297
121560,301
121620,306
121680,306
121740,306
121800,311
121860,292
121920,292
121980,292
122040,300
122100,317
122160,320
122220,320
122280,329
122340,330
122400,330
122460,330
122520,321
122580,314
122640,326
122700,336
122760,325
122820,325
122880,325
122940,325
123000,328
123060,328
123120,328
123180,319
123240,319
123300,334
123360,324
123420,317
123480,308
123540,288
123600,294
123660,296
123720,259
123780,267
123840,259
123900,238
123960,185
124020,180
124080,209
124140,218
124200,217
124260,217
124320,228
124380,212
124440,212
124500,202
124560,179
124620,97
124680,107
124740,106
124800,121
124860,100
124920,107
124980,110
125040,110
125100,110
125160,110
125220,100
125280,110
125340,110
125400,128
125460,144
125520,122
125580,116
125640,148
125700,148
125760,148
125820,148
125880,148
125940,156
126000,156
126060,156
126120,161
126180,182
126240,173
126300,173
126360,180
126420,180
126480,187
126540,196
126600,209
126660,209
126720,240
126780,243
126840,229
126900,239
126960,278
127020,278
127080,265
127140,239
127200,258
127260,267
127320,259
127380,264
127440,293
127500,294
127560,285
127620,295
127680,302
127740,287
127800,284
127860,284
127920,282
127980,287
128040,280
128100,285
128160,293
128220,300
128280,301
128340,298
128400,298
128460,307
128520,307
128580,307
128640,293
128700,293
128760,293
128820,293
128880,293
128940,310
129000,318
129060,318
129120,318
129180,318
129240,328
129300,328
129360,328
129420,327
129480,302
129540,293
129600,320
129660,320
129720,325
129780,325
129840,325
129900,335
129960,335
130020,335
130080,335
130140,335
130200,328
130260,328
130320,328
130380,318
130440,318
130500,318
130560,311
130620,311
130680,320
130740,320
130800,320
130860,320
130920,327
130980,300
131040,289
131100,284
131160,279
131220,279
131280,276
131340,271
131400,271
131460,261
131520,252
131580,259
131640,249
131700,240
131760,221
131820,213
131880,213
131940,212
132000,212
132060,212
132120,212
132180,198
132240,198
132300,188
132360,185
132420,198
132480,207
132540,197
132600,190
132660,190
132720,198
132780,205
132840,185
132900,162
132960,188
133020,188
133080,206
133140,206
133200,183
133260,187
133320,187
133380,180
133440,180
133500,180
133560,190
133620,204
133680,215
133740,215
133800,215
133860,215
133920,195
133980,200
134040,207
134100,200
134160,200
134220,203
134280,203
134340,182
134400,172
134460,163
134520,158
134580,128
134640,161
134700,146
134760,136
134820,138
134880,121
134940,121
135000,101
135060,103
135120,106
135180,107
135240,108
135300,98
135360,99
135420,92
135480,77
135540,77
135600,77
135660,70
135720,82
135780,82
135840,64
135900,64
135960,64
136020,81
136080,72
136140,62
136200,62
136260,62
136320,79
136380,69
136440,62
136500,62
136560,60
136620,60
136680,60
136740,60
136800,60
136860,60
136920,70
136980,60
137040,50
137100,50
137160,50
137220,50
137280,50
137340,50
137400,60
137460,60
137520,60
137580,70
137640,80
137700,90
137760,90
137820,90
137880,90
137940,90
138000,105
138060,112
138120,122
138180,122
138240,129
138300,134
138360,123
138420,140
138480,150
138540,158
138600,158
138660,158
138720,161
138780,161
138840,161
138900,161
138960,151
139020,151
139080,160
139140,170
139200,196
139260,196
139320,186
139380,202
139440,229
139500,226
139560,234
139620,234
139680,234
139740,229
139800,239
139860,239
139920,239
139980,246
140040,256
140100,261
140160,255
140220,248
140280,258
140340,236
140400,252
140460,286
140520,295
140580,288
140640,297
140700,297
140760,305
140820,323
140880,325
140940,334
141000,342
141060,338
141120,338
141180,356
141240,330
141300,319
141360,319
141420,322
141480,297
141540,297
141600,284
141660,284
141720,284
141780,284
141840,292
141900,292
141960,291
142020,291
142080,281
142140,260
142200,251
142260,261
142320,261
142380,275
142440,258
142500,256
142560,256
142620,256
142680,247
142740,247
142800,247
142860,237
142920,237
142980,228
143040,231
143100,231
143160,241
143220,241
143280,241
143340,241
143400,241
143460,250
143520,259
143580,249
143640,247
143700,256
143760,247
143820,257
143880,257
143940,257
144000,252
144060,282
144120,273
144180,249
144240,248
144300,231
144360,229
144420,266
144480,266
144540,266
144600,258
144660,248
144720,248
144780,248
144840,240
144900,240
144960,240
145020,242
145080,240
145140,245
145200,245
145260,239
145320,255
145380,255
145440,255
145500,255
145560,263
145620,263
145680,273
145740,283
145800,298
145860,298
145920,293
145980,293
146040,293
146100,293
146160,303
146220,304
146280,314
146340,314
146400,314
146460,314
146520,314
146580,314
146640,314
146700,314
146760,314
146820,314
146880,314
146940,314
147000,314
147060,288
147120,288
147180,296
147240,306
147300,306
147360,310
147420,276
147480,266
147540,304
147600,304
147660,304
147720,313
147780,303
147840,306
147900,306
147960,306
148020,306
148080,299
148140,309
148200,312
148260,302
148320,290
148380,290
148440,290
148500,277
148560,277
148620,286
148680,286
148740,286
148800,283
148860,283
148920,283
148980,289
149040,317
149100,317
149160,317
149220,307
149280,336
149340,331
149400,316
149460,316
149520,323
149580,323
149640,323
149700,328
149760,325
149820,325
149880,325
149940,339
150000,339
150060,337
150120,337
150180,337
150240,337
150300,337
150360,337
150420,327
150480,327
150540,327
150600,327
150660,327
150720,318
150780,318
150840,315
150900,315
150960,320
151020,313
151080,303
151140,303
151200,303
151260,291
151320,296
151380,310
151440,310
151500,310
151560,300
151620,300
151680,255
151740,252
151800,253
151860,253
151920,253
151980,244
152040,243
152100,243
152160,243
152220,243
152280,243
152340,233
152400,233
152460,237
152520,228
152580,218
152640,218
152700,212
152760,212
152820,212
152880,210
152940,210
153000,200
153060,200
153120,183
153180,190
153240,215
153300,212
153360,217
153420,215
153480,201
153540,190
153600,193
153660,189
153720,222
153780,215
153840,221
153900,221
153960,211
154020,211
154080,216
154140,216
154200,216
154260,216
154320,233
154380,222
154440,222
154500,222
154560,215
154620,219
154680,219
154740,207
154800,209
154860,202
154920,183
154980,204
155040,194
155100,178
155160,187
155220,157
155280,147
155340,150
155400,153
155460,143
155520,142
155580,142
155640,143
155700,117
155760,123
155820,123
155880,123
155940,123
156000,120
156060,110
156120,110
156180,110
156240,110
156300,100
156360,100
156420,100
156480,100
156540,100
156600,91
156660,91
156720,91
156780,83
156840,83
156900,113
156960,113
157020,113
157080,104
157140,94
157200,65
157260,65
157320,65
157380,65
157440,65
157500,65
157560,65
157620,65
157680,65
157740,55
157800,55
157860,55
157920,55
157980,55
158040,55
158100,53
158160,53
158220,46
158280,46
158340,36
158400,36
158460,36
158520,36
158580,16
158640,9
158700,9
158760,9
158820,9
158880,9
158940,0
159000,0
159060,0
159120,0
159180,0
159240,0
159300,0
159360,0
159420,0
159480,0
159540,0
159600,0
159660,0
159720,0
159780,0
159840,0
159900,0
159960,0
160020,0
160080,0
160140,0
160200,0
160260,0
160320,0
160380,0
160440,0
160500,0
160560,0
160620,0
160680,0
160740,0
160800,0
160860,0
160920,0
160980,0
161040,0
161100,0
161160,0
161220,0
161280,0
161340,0
161400,0
161460,0
161520,0
161580,0
161640,0
161700,0
161760,0
161820,0
161880,0
161940,0
162000,0
162060,0
162120,0
162180,0
162240,0
162300,0
162360,0
162420,0
162480,0
162540,0
162600,0
162660,0
162720,0
162780,0
162840,0
162900,0
162960,0
163020,0
163080,0
163140,0
163200,0
163260,0
163320,0
163380,0
163440,0
163500,0
163560,0
163620,0
163680,0
163740,0
163800,0
163860,0
163920,0
163980,0
164040,0
164100,0
164160,0
164220,0
164280,0
164340,0
164400,0
164460,0
164520,0
164580,0
164640,0
164700,0
164760,0
164820,0
164880,0
164940,0
165000,0
165060,0
165120,0
165180,0
165240,0
165300,0
165360,0
165420,0
165480,0
165540,0
165600,0
165660,0
165720,0
165780,0
165840,0
165900,0
165960,0
166020,0
166080,0
166140,0
166200,0
166260,0
166320,0
166380,0
166440,0
166500,0
166560,0
166620,0
166680,0
166740,0
166800,0
166860,0
166920,0
166980,0
167040,0
167100,0
167160,0
167220,0
167280,0
167340,0
167400,0
167460,0
167520,0
167580,0
167640,0
167700,0
167760,0
167820,0
167880,0
167940,0
168000,0
168060,0
168120,0
168180,0
168240,0
168300,0
168360,0
168420,0
168480,0
168540,0
168600,0
168660,0
168720,0
168780,0
168840,0
168900,0
168960,0
169020,0
169080,0
169140,0
169200,0
169260,0
169320,0
169380,0
169440,0
169500,0
169560,0
169620,0
169680,0
169740,0
169800,0
169860,0
169920,0
169980,0
170040,0
170100,0
170160,0
170220,0
170280,0
170340,0
170400,0
170460,0
170520,0
170580,0
170640,0
170700,0
170760,0
170820,0
170880,0
170940,0
171000,0
171060,0
171120,0
171180,0
171240,0
171300,0
171360,0
171420,0
171480,0
171540,0
171600,0
171660,0
171720,0
171780,0
171840,0
171900,0
171960,0
172020,0
172080,0
172140,0
172200,0
172260,0
172320,0
172380,0
172440,0
172500,0
172560,0
172620,0
172680,0
172740,0
172800,0
172860,0
172920,0
172980,0
173040,0
173100,0
173160,0
173220,0
173280,0
173340,0
173400,0
173460,0
173520,0
173580,0
173640,0
173700,0
173760,0
173820,0
173880,0
173940,0
174000,0
174060,0
174120,0
174180,0
174240,0
174300,0
174360,0
174420,0
174480,0
174540,0
174600,0
174660,0
174720,0
174780,0
174840,0
174900,0
174960,0
175020,0
175080,0
175140,0
175200,0
175260,0
175320,0
175380,0
175440,0
175500,0
175560,0
175620,0
175680,0
175740,0
175800,0
175860,0
175920,0
175980,0
176040,0
176100,0
176160,0
176220,0
176280,0
176340,0
176400,0
176460,0
176520,0
176580,0
176640,0
176700,0
176760,0
176820,0
176880,0
176940,0
177000,0
177060,0
177120,0
177180,0
177240,0
177300,0
177360,0
177420,0
177480,0
177540,0
177600,0
177660,0
177720,0
177780,0
177840,0
177900,0
177960,0
178020,0
178080,0
178140,0
178200,0
178260,0
178320,0
178380,0
178440,0
178500,0
178560,0
178620,0
178680,0
178740,0
178800,0
178860,0
178920,0
178980,0
179040,0
179100,0
179160,0
179220,0
179280,0
179340,0
179400,0
179460,0
179520,0
179580,0
179640,0
179700,0
179760,0
179820,0
179880,0
179940,0
180000,0
180060,0
180120,0
180180,0
180240,0
180300,0
180360,0
180420,0
180480,0
180540,0
180600,0
180660,0
180720,0
180780,0
180840,0
180900,0
180960,0
181020,0
181080,0
181140,0
181200,0
181260,0
181320,0
181380,0
181440,0
181500,0
181560,0
181620,0
181680,0
181740,0
181800,0
181860,0
181920,0
181980,0
182040,0
182100,0
182160,0
182220,0
182280,0
182340,0
182400,0
182460,0
182520,0
182580,0
182640,0
182700,0
182760,0
182820,0
182880,0
182940,0
183000,0
183060,0
183120,0
183180,0
183240,0
183300,0
183360,0
183420,0
183480,0
183540,0
183600,0
183660,0
183720,0
183780,0
183840,0
183900,0
183960,0
184020,0
184080,0
184140,0
184200,0
184260,0
184320,0
184380,0
184440,0
184500,0
184560,0
184620,0
184680,0
184740,0
184800,0
184860,0
184920,0
184980,0
185040,0
185100,0
185160,0
185220,0
185280,0
185340,0
185400,0
185460,0
185520,0
185580,0
185640,0
185700,0
185760,0
185820,0
185880,0
185940,0
186000,0
186060,0
186120,0
186180,0
186240,0
186300,0
186360,0
186420,0
186480,0
186540,0
186600,0
186660,0
186720,0
186780,0
186840,0
186900,0
186960,0
187020,0
187080,0
187140,0
187200,0
187260,0
187320,0
187380,0
187440,0
187500,0
187560,0
187620,0
187680,0
187740,0
187800,0
187860,0
187920,0
187980,0
188040,0
188100,0
188160,0
188220,0
188280,0
188340,0
188400,0
188460,0
188520,0
188580,0
188640,0
188700,0
188760,0
188820,0
188880,0
188940,0
189000,0
189060,0
189120,0
189180,0
189240,0
189300,0
189360,0
189420,0
189480,0
189540,0
189600,0
189660,0
189720,0
189780,0
189840,0
189900,0
189960,0
190020,0
190080,0
190140,0
190200,0
190260,0
190320,0
190380,0
190440,0
190500,0
190560,0
190620,0
190680,0
190740,0
190800,0
190860,0
190920,0
190980,0
191040,0
191100,0
191160,0
191220,0
191280,0
191340,0
191400,0
191460,0
191520,0
191580,0
191640,0
191700,0
191760,0
191820,0
191880,0
191940,0
192000,0
192060,0
192120,0
192180,0
192240,0
192300,0
192360,0
192420,0
192480,0
192540,0
192600,0
192660,0
192720,0
192780,0
192840,0
192900,0
192960,0
193020,0
193080,0
193140,0
193200,0
193260,0
193320,0
193380,0
193440,0
193500,0
193560,0
193620,0
193680,0
193740,0
193800,0
193860,0
193920,0
193980,0
194040,0
194100,0
194160,0
194220,0
194280,0
194340,0
194400,0
194460,0
194520,0
194580,0
194640,0
194700,0
194760,0
194820,0
194880,0
194940,0
195000,0
195060,0
195120,0
195180,0
195240,0
195300,0
195360,0
195420,0
195480,0
195540,0
195600,0
195660,0
195720,0
195780,0
195840,0
195900,0
195960,0
196020,0
196080,0
196140,0
196200,0
196260,0
196320,0
196380,0
196440,0
196500,0
196560,0
196620,0
196680,0
196740,0
196800,0
196860,0
196920,0
196980,0
197040,0
197100,0
197160,0
197220,0
197280,0
197340,0
197400,0
197460,0
197520,0
197580,0
197640,0
197700,0
197760,0
197820,0
197880,0
197940,0
198000,0
198060,0
198120,0
198180,0
198240,0
198300,0
198360,0
198420,0
198480,0
198540,0
198600,0
198660,0
198720,0
198780,0
198840,0
198900,0
198960,0
199020,0
199080,0
199140,0
199200,0
199260,0
199320,0
199380,0
199440,0
199500,0
199560,0
199620,0
199680,0
199740,0
199800,0
199860,0
199920,0
199980,0
200040,0
200100,0
200160,0
200220,0
200280,0
200340,0
200400,0
200460,0
200520,0
200580,0
200640,0
200700,0
200760,0
200820,0
200880,0
200940,0
201000,0
201060,0
201120,0
201180,0
201240,0
201300,0
201360,0
201420,0
201480,0
201540,0
201600,0
201660,0
201720,0
201780,0
201840,0
201900,0
201960,0
202020,0
202080,0
202140,0
202200,0
202260,0
202320,0
202380,0
202440,0
202500,0
202560,0
202620,0
202680,0
202740,0
202800,0
202860,0
202920,0
202980,0
203040,0
203100,0
203160,0
203220,0
203280,0
203340,0
203400,0
203460,0
203520,0
203580,0
203640,0
203700,0
203760,0
203820,0
203880,0
203940,0
204000,0
204060,0
204120,10
204180,10
204240,10
204300,10
204360,10
204420,10
204480,10
204540,10
204600,20
204660,43
204720,43
204780,43
204840,43
204900,53
204960,53
205020,53
205080,53
205140,63
205200,63
205260,63
205320,63
205380,63
205440,63
205500,63
205560,63
205620,63
205680,63
205740,72
205800,92
205860,92
205920,92
205980,92
206040,114
206100,117
206160,117
206220,127
206280,134
206340,126
206400,139
206460,144
206520,144
206580,154
206640,164
206700,173
206760,183
206820,192
206880,192
206940,192
207000,183
207060,183
207120,183
207180,211
207240,211
207300,211
207360,219
207420,219
207480,229
207540,234
207600,234
207660,234
207720,231
207780,229
207840,244
207900,244
207960,242
208020,260
208080,260
208140,260
208200,260
208260,270
208320,270
208380,270
208440,270
208500,261
208560,264
208620,264
208680,274
208740,284
208800,284
208860,287
208920,297
208980,297
209040,309
209100,317
209160,310
209220,310
209280,310
209340,310
209400,313
209460,323
209520,333
209580,333
209640,315
209700,315
209760,315
209820,315
209880,312
209940,321
210000,330
210060,320
210120,295
210180,281
210240,288
210300,288
210360,283
210420,291
210480,261
210540,266
210600,287
210660,292
210720,277
210780,284
210840,296
210900,302
210960,323
211020,331
211080,287
211140,284
211200,284
211260,263
211320,270
211380,270
211440,279
211500,279
211560,279
211620,279
211680,279
211740,279
211800,279
211860,279
211920,279
211980,279
212040,279
212100,269
212160,269
212220,269
212280,279
212340,304
212400,305
212460,310
212520,313
212580,322
212640,321
212700,321
212760,328
212820,328
212880,319
212940,276
213000,273
213060,260
213120,270
213180,270
213240,280
213300,280
213360,281
213420,281
213480,278
213540,268
213600,268
213660,267
213720,259
213780,262
213840,289
213900,277
213960,303
214020,303
214080,280
214140,269
214200,248
214260,248
214320,233
214380,247
214440,245
214500,245
214560,245
214620,254
214680,245
214740,261
214800,261
214860,261
214920,261
214980,261
215040,282
215100,282
215160,259
215220,250
215280,253
215340,246
215400,253
215460,253
215520,253
215580,253
215640,253
215700,253
215760,253
215820,250
215880,241
215940,246
216000,253
216060,253
216120,248
216180,249
216240,249
216300,244
216360,234
216420,234
216480,226
216540,226
216600,244
216660,234
216720,242
216780,242
216840,242
216900,242
216960,242
217020,259
217080,259
217140,259
217200,262
217260,272
217320,289
217380,279
217440,284
217500,294
217560,278
217620,282
217680,266
217740,273
217800,296
217860,281
217920,272
217980,272
218040,272
218100,272
218160,269
218220,259
218280,259
218340,259
218400,254
218460,254
218520,263
218580,242
218640,242
218700,256
218760,257
218820,247
218880,246
218940,237
219000,227
219060,227
219120,210
219180,213
219240,195
219300,208
219360,221
219420,241
219480,241
219540,241
219600,213
219660,214
219720,211
219780,191
219840,194
219900,194
219960,194
220020,192
220080,210
220140,207
220200,207
220260,197
220320,180
220380,180
220440,222
220500,195
220560,175
220620,175
220680,167
220740,167
220800,167
220860,150
220920,140
220980,129
221040,130
221100,130
221160,130
221220,120
221280,132
221340,141
221400,157
221460,140
221520,143
221580,191
221640,179
221700,160
221760,151
221820,151
221880,143
221940,143
222000,133
222060,133
222120,133
222180,108
222240,118
222300,108
222360,103
222420,93
222480,84
222540,74
222600,74
222660,74
222720,74
222780,74
222840,74
222900,65
222960,65
223020,60
223080,60
223140,60
223200,50
223260,50
223320,50
223380,50
223440,60
223500,70
223560,70
223620,60
223680,50
223740,50
223800,50
223860,50
223920,50
223980,50
224040,40
224100,40
224160,40
224220,50
224280,50
224340,60
224400,94
224460,94
224520,94
224580,94
224640,107
224700,112
224760,132
224820,132
224880,132
224940,123
225000,123
225060,133
225120,141
225180,141
225240,145
225300,145
225360,145
225420,155
225480,155
225540,162
225600,186
225660,186
225720,196
225780,195
225840,187
225900,197
225960,197
226020,197
226080,197
226140,207
226200,217
226260,227
226320,234
226380,208
226440,198
226500,234
226560,243
226620,243
226680,230
226740,243
226800,265
226860,274
226920,274
226980,283
227040,291
227100,301
227160,306
227220,307
227280,313
227340,313
227400,321
227460,306
227520,297
227580,297
227640,285
227700,285
227760,294
227820,277
227880,274
227940,274
228000,274
228060,274
228120,274
228180,266
228240,266
228300,263
228360,263
228420,263
228480,263
228540,263
228600,263
228660,253
228720,258
228780,268
228840,268
228900,265
228960,265
229020,255
229080,255
229140,255
229200,255
229260,255
229320,255
229380,255
229440,255
229500,252
229560,244
229620,252
229680,258
229740,248
229800,239
229860,239
229920,244
229980,234
230040,224
230100,244
230160,237
230220,258
230280,238
230340,245
230400,236
230460,239
230520,216
230580,208
230640,218
230700,236
230760,233
230820,233
230880,233
230940,233
231000,249
231060,249
231120,249
231180,259
231240,259
231300,253
231360,251
231420,251
231480,251
231540,261
231600,269
231660,269
231720,279
231780,279
231840,289
231900,289
231960,289
232020,289
232080,283
232140,283
232200,283
232260,283
232320,283
232380,293
232440,293
232500,293
232560,293
232620,293
232680,293
232740,296
232800,286
232860,276
232920,276
232980,276
233040,276
233100,276
233160,285
233220,285
233280,290
233340,290
233400,290
233460,282
233520,282
233580,282
233640,292
233700,266
233760,257
233820,257
233880,260
233940,260
234000,260
234060,253
234120,253
234180,253
234240,253
234300,259
234360,215
234420,205
234480,240
234540,240
234600,253
234660,246
234720,246
234780,235
234840,235
234900,235
234960,235
235020,244
235080,244
235140,244
235200,239
235260,239
235320,239
235380,239
235440,245
235500,245
235560,245
235620,284
235680,264
235740,264
235800,275
235860,275
235920,275
235980,275
236040,275
236100,275
236160,275
236220,268
236280,260
236340,260
236400,253
236460,253
236520,233
236580,235
236640,235
236700,235
236760,235
236820,225
236880,225
236940,225
237000,224
237060,224
237120,224
237180,224
237240,224
237300,224
237360,211
237420,211
237480,214
237540,221
237600,221
237660,221
237720,221
237780,221
237840,218
237900,218
237960,195
238020,197
238080,230
238140,224
238200,224
238260,224
238320,224
238380,224
238440,231
238500,234
238560,229
238620,229
238680,236
238740,226
238800,226
238860,216
238920,216
238980,216
239040,216
239100,183
239160,167
239220,174
239280,167
239340,203
239400,163
239460,173
239520,173
239580,183
239640,176
239700,186
239760,212
239820,217
239880,215
239940,204
240000,142
240060,147
240120,173
240180,172
240240,181
240300,182
240360,191
240420,192
240480,205
240540,207
240600,207
240660,207
240720,207
240780,207
240840,207
240900,207
240960,207
241020,187
241080,185
241140,186
241200,191
241260,191
241320,186
241380,212
241440,212
241500,221
241560,220
241620,177
241680,177
241740,167
241800,165
241860,155
241920,145
241980,137
242040,117
242100,152
242160,152
242220,152
242280,144
242340,148
242400,148
242460,148
242520,148
242580,148
242640,148
242700,138
242760,138
242820,138
242880,128
242940,128
243000,128
243060,118
243120,118
243180,118
243240,118
243300,118
243360,102
243420,102
243480,82
243540,90
243600,90
243660,90
243720,90
243780,80
243840,70
243900,70
243960,70
244020,70
244080,70
244140,70
244200,70
244260,70
244320,70
244380,66
244440,66
244500,66
244560,49
244620,49
244680,39
244740,39
244800,29
244860,30
244920,30
244980,30
245040,20
245100,20
245160,20
245220,10
245280,10
245340,10
245400,10
245460,10
245520,10
245580,0
245640,0
245700,0
245760,0
245820,0
245880,0
245940,0
246000,0
246060,0
246120,0
246180,0
246240,0
246300,0
246360,0
246420,0
246480,0
246540,0
246600,0
246660,0
246720,0
246780,0
246840,0
246900,0
246960,0
247020,0
247080,0
247140,0
247200,0
247260,0
247320,0
247380,0
247440,0
247500,0
247560,0
247620,0
247680,0
247740,0
247800,0
247860,0
247920,0
247980,0
248040,0
248100,0
248160,0
248220,0
248280,0
248340,0
248400,0
248460,0
248520,0
248580,0
248640,0
248700,0
248760,0
248820,0
248880,0
248940,0
249000,0
249060,0
249120,0
249180,0
249240,0
249300,0
249360,0
249420,0
249480,0
249540,0
249600,0
249660,0
249720,0
249780,0
249840,0
249900,0
249960,0
250020,0
250080,0
250140,0
250200,0
250260,0
250320,0
250380,0
250440,0
250500,0
250560,0
250620,0
250680,0
250740,0
250800,0
250860,0
250920,0
250980,0
251040,0
251100,0
251160,0
251220,0
251280,0
251340,0
251400,0
251460,0
251520,0
251580,0
251640,0
251700,0
251760,0
251820,0
251880,0
251940,0
252000,0
252060,0
252120,0
252180,0
252240,0
252300,0
252360,0
252420,0
252480,0
252540,0
252600,0
252660,0
252720,0
252780,0
252840,0
252900,0
252960,0
253020,0
253080,0
253140,0
253200,0
253260,0
253320,0
253380,0
253440,0
253500,0
253560,0
253620,0
253680,0
253740,0
253800,0
253860,0
253920,0
253980,0
254040,0
254100,0
254160,0
254220,0
254280,0
254340,0
254400,0
254460,0
254520,0
254580,0
254640,0
254700,0
254760,0
254820,0
254880,0
254940,0
255000,0
255060,0
255120,0
255180,0
255240,0
255300,0
255360,0
255420,0
255480,0
255540,0
255600,0
255660,0
255720,0
255780,0
255840,0
255900,0
255960,0
256020,0
256080,0
256140,0
256200,0
256260,0
256320,0
256380,0
256440,0
256500,0
256560,0
256620,0
256680,0
256740,0
256800,0
256860,0
256920,0
256980,0
257040,0
257100,0
257160,0
257220,0
257280,0
257340,0
257400,0
257460,0
257520,0
257580,0
257640,0
257700,0
257760,0
257820,0
257880,0
257940,0
258000,0
258060,0
258120,0
258180,0
258240,0
258300,0
258360,0
258420,0
258480,0
258540,0
258600,0
258660,0
258720,0
258780,0
258840,0
258900,0
258960,0
259020,0
259080,0
259140,0
259200,0
259260,0
259320,0
259380,0
259440,0
259500,0
259560,0
259620,0
259680,0
259740,0
259800,0
259860,0
259920,0
259980,0
260040,0
260100,0
260160,0
260220,0
260280,0
260340,0
260400,0
260460,0
260520,0
260580,0
260640,0
260700,0
260760,0
260820,0
260880,0
260940,0
261000,0
261060,0
261120,0
261180,0
261240,0
261300,0
261360,0
261420,0
261480,0
261540,0
261600,0
261660,0
261720,0
261780,0
261840,0
261900,0
261960,0
262020,0
262080,0
262140,0
262200,0
262260,0
262320,0
262380,0
262440,0
262500,0
262560,0
262620,0
262680,0
262740,0
262800,0
262860,0
262920,0
262980,0
263040,0
263100,0
263160,0
263220,0
263280,0
263340,0
263400,0
263460,0
263520,0
263580,0
263640,0
263700,0
263760,0
263820,0
263880,0
263940,0
264000,0
264060,0
264120,0
264180,0
264240,0
264300,0
264360,0
264420,0
264480,0
264540,0
264600,0
264660,0
264720,0
264780,0
264840,0
264900,0
264960,0
265020,0
265080,0
265140,0
265200,0
265260,0
265320,0
265380,0
265440,0
265500,0
265560,0
265620,0
265680,0
265740,0
265800,0
265860,0
265920,0
265980,0
266040,0
266100,0
266160,0
266220,0
266280,0
266340,0
266400,0
266460,0
266520,0
266580,0
266640,0
266700,0
266760,0
266820,0
266880,0
266940,0
267000,0
267060,0
267120,0
267180,0
267240,0
267300,0
267360,0
267420,0
267480,0
267540,0
267600,0
267660,0
267720,0
267780,0
267840,0
267900,0
267960,0
268020,0
268080,0
268140,0
268200,0
268260,0
268320,0
268380,0
268440,0
268500,0
268560,0
268620,0
268680,0
268740,0
268800,0
268860,0
268920,0
268980,0
269040,0
269100,0
269160,0
269220,0
269280,0
269340,0
269400,0
269460,0
269520,0
269580,0
269640,0
269700,0
269760,0
269820,0
269880,0
269940,0
270000,0
270060,0
270120,0
270180,0
270240,0
270300,0
270360,0
270420,0
270480,0
270540,0
270600,0
270660,0
270720,0
270780,0
270840,0
270900,0
270960,0
271020,0
271080,0
271140,0
271200,0
271260,0
271320,0
271380,0
271440,0
271500,0
271560,0
271620,0
271680,0
271740,0
271800,0
271860,0
271920,0
271980,0
272040,0
272100,0
272160,0
272220,0
272280,0
272340,0
272400,0
272460,0
272520,0
272580,0
272640,0
272700,0
272760,0
272820,0
272880,0
272940,0
273000,0
273060,0
273120,0
273180,0
273240,0
273300,0
273360,0
273420,0
273480,0
273540,0
273600,0
273660,0
273720,0
273780,0
273840,0
273900,0
273960,0
274020,0
274080,0
274140,0
274200,0
274260,0
274320,0
274380,0
274440,0
274500,0
274560,0
274620,0
274680,0
274740,0
274800,0
274860,0
274920,0
274980,0
275040,0
275100,0
275160,0
275220,0
275280,0
275340,0
275400,0
275460,0
275520,0
275580,0
275640,0
275700,0
275760,0
275820,0
275880,0
275940,0
276000,0
276060,0
276120,0
276180,0
276240,0
276300,0
276360,0
276420,0
276480,0
276540,0
276600,0
276660,0
276720,0
276780,0
276840,0
276900,0
276960,0
277020,0
277080,0
277140,0
277200,0
277260,0
277320,0
277380,0
277440,0
277500,0
277560,0
277620,0
277680,0
277740,0
277800,0
277860,0
277920,0
277980,0
278040,0
278100,0
278160,0
278220,0
278280,0
278340,0
278400,0
278460,0
278520,0
278580,0
278640,0
278700,0
278760,0
278820,0
278880,0
278940,0
279000,0
279060,0
279120,0
279180,0
279240,0
279300,0
279360,0
279420,0
279480,0
279540,0
279600,0
279660,0
279720,0
279780,0
279840,0
279900,0
279960,0
280020,0
280080,0
280140,0
280200,0
280260,0
280320,0
280380,0
280440,0
280500,0
280560,0
280620,0
280680,0
280740,0
280800,0
280860,0
280920,0
280980,0
281040,0
281100,0
281160,0
281220,0
281280,0
281340,0
281400,0
281460,0
281520,0
281580,0
281640,0
281700,0
281760,0
281820,0
281880,0
281940,0
282000,0
282060,0
282120,0
282180,0
282240,0
282300,0
282360,0
282420,0
282480,0
282540,0
282600,0
282660,0
282720,0
282780,0
282840,0
282900,0
282960,0
283020,0
283080,0
283140,0
283200,0
283260,0
283320,0
283380,0
283440,0
283500,0
283560,0
283620,0
283680,0
283740,0
283800,0
283860,0
283920,0
283980,0
284040,0
284100,0
284160,0
284220,0
284280,0
284340,0
284400,0
284460,0
284520,0
284580,0
284640,0
284700,0
284760,0
284820,0
284880,0
284940,0
285000,0
285060,0
285120,0
285180,0
285240,0
285300,0
285360,0
285420,0
285480,0
285540,0
285600,0
285660,0
285720,0
285780,0
285840,0
285900,0
285960,0
286020,0
286080,0
286140,0
286200,0
286260,0
286320,0
286380,0
286440,0
286500,0
286560,0
286620,0
286680,0
286740,0
286800,0
286860,0
286920,0
286980,0
287040,0
287100,0
287160,0
287220,0
287280,0
287340,0
287400,0
287460,0
287520,0
287580,0
287640,0
287700,0
287760,0
287820,0
287880,0
287940,0
288000,0
288060,0
288120,0
288180,0
288240,0
288300,0
288360,0
288420,0
288480,0
288540,0
288600,0
288660,0
288720,0
288780,0
288840,0
288900,0
288960,0
289020,0
289080,0
289140,0
289200,0
289260,0
289320,0
289380,0
289440,0
289500,0
289560,0
289620,0
289680,0
289740,0
289800,0
289860,0
289920,0
289980,0
290040,0
290100,0
290160,0
290220,0
290280,0
290340,0
290400,0
290460,0
290520,20
290580,20
290640,20
290700,20
290760,20
290820,20
290880,20
290940,20
291000,20
291060,30
291120,30
291180,30
291240,30
291300,40
291360,40
291420,40
291480,48
291540,59
291600,60
291660,80
291720,80
291780,80
291840,80
291900,80
291960,80
292020,80
292080,80
292140,89
292200,97
292260,97
292320,97
292380,97
292440,97
292500,131
292560,131
292620,141
292680,141
292740,127
292800,127
292860,146
292920,166
292980,191
293040,204
293100,213
293160,223
293220,232
293280,239
293340,239
293400,239
293460,239
293520,248
293580,287
293640,296
293700,296
293760,296
293820,296
293880,304
293940,309
294000,309
294060,309
294120,317
294180,320
294240,316
294300,316
294360,316
294420,316
294480,316
294540,316
294600,316
294660,316
294720,316
294780,316
294840,316
294900,331
294960,323
295020,323
295080,331
295140,341
295200,341
295260,341
295320,331
295380,331
295440,348
295500,308
295560,316
295620,316
295680,335
295740,335
295800,335
295860,345
295920,328
295980,328
296040,328
296100,328
296160,338
296220,338
296280,329
296340,324
296400,324
296460,305
296520,275
296580,309
296640,334
296700,334
296760,306
296820,291
296880,269
296940,259
297000,256
297060,256
297120,247
297180,252
297240,260
297300,275
297360,284
297420,285
297480,292
297540,295
297600,294
297660,291
297720,291
297780,286
297840,295
297900,286
297960,274
298020,266
298080,266
298140,266
298200,266
298260,266
298320,269
298380,276
298440,286
298500,286
298560,286
298620,286
298680,286
298740,286
298800,286
298860,288
298920,273
298980,273
299040,273
299100,273
299160,273
299220,273
299280,273
299340,221
299400,221
299460,221
299520,215
299580,248
299640,247
299700,237
299760,250
299820,260
299880,260
299940,265
300000,262
300060,267
300120,258
300180,250
300240,269
300300,274
300360,258
300420,235
300480,255
300540,247
300600,240
300660,240
300720,232
300780,232
300840,247
300900,252
300960,254
301020,254
301080,242
301140,242
301200,241
301260,241
301320,270
301380,254
301440,263
301500,263
301560,263
301620,257
301680,266
301740,287
301800,307
301860,307
301920,307
301980,307
302040,317
302100,317
302160,317
302220,317
302280,317
302340,326
302400,323
302460,323
302520,335
302580,344
302640,347
302700,345
302760,345
302820,345
302880,345
302940,345
303000,345
303060,315
303120,315
303180,309
303240,309
303300,309
303360,306
303420,330
303480,322
303540,322
303600,320
303660,344
303720,332
303780,308
303840,312
303900,307
303960,311
304020,311
304080,321
304140,312
304200,305
304260,295
304320,294
304380,294
304440,294
304500,300
304560,305
304620,296
304680,286
304740,295
304800,285
304860,285
304920,285
304980,285
305040,277
305100,277
305160,260
305220,256
305280,259
305340,259
305400,234
305460,235
305520,245
305580,250
305640,238
305700,220
305760,220
305820,227
305880,217
305940,220
306000,220
306060,239
306120,239
306180,229
306240,219
306300,221
306360,202
306420,187
306480,187
306540,187
306600,187
306660,187
306720,154
306780,144
306840,144
306900,144
306960,144
307020,152
307080,130
307140,130
307200,133
307260,133
307320,133
307380,123
307440,113
307500,118
307560,118
307620,118
307680,118
307740,123
307800,113
307860,105
307920,110
307980,99
308040,72
308100,56
308160,83
308220,84
308280,83
308340,73
308400,99
308460,99
308520,99
308580,89
308640,84
308700,56
308760,56
308820,56
308880,56
308940,56
309000,56
309060,65
309120,53
309180,73
309240,73
309300,73
309360,73
309420,73
309480,63
309540,63
309600,63
309660,63
309720,54
309780,44
309840,37
309900,27
309960,29
310020,19
310080,19
310140,19
310200,19
310260,19
310320,29
310380,39
310440,39
310500,49
310560,59
310620,67
310680,67
310740,67
310800,105
310860,107
310920,110
310980,110
311040,110
311100,118
311160,126
311220,133
311280,148
311340,148
311400,148
311460,142
311520,151
311580,152
311640,162
311700,162
311760,167
311820,161
311880,171
311940,191
312000,198
312060,198
312120,198
312180,213
312240,210
312300,210
312360,218
312420,213
312480,218
312540,218
312600,224
312660,224
312720,233
312780,240
312840,231
312900,231
312960,232
313020,233
313080,233
313140,237
313200,237
313260,237
313320,256
313380,257
313440,257
313500,256
313560,285
313620,286
313680,286
313740,294
313800,284
313860,279
313920,276
313980,286
314040,295
314100,284
314160,284
314220,274
314280,274
314340,294
314400,294
314460,294
314520,294
314580,286
314640,281
314700,281
314760,281
314820,281
314880,294
314940,296
315000,296
315060,299
315120,294
315180,299
315240,280
315300,280
315360,289
315420,298
315480,294
315540,294
315600,300
315660,300
315720,300
315780,300
315840,299
315900,299
315960,296
316020,296
316080,296
316140,296
316200,293
316260,293
316320,293
316380,303
316440,296
316500,269
316560,269
316620,277
316680,284
316740,252
316800,246
316860,307
316920,293
316980,279
317040,269
317100,269
317160,252
317220,252
317280,252
317340,261
317400,254
317460,256
317520,256
317580,240
317640,242
317700,253
317760,253
317820,250
317880,251
317940,258
318000,261
318060,274
318120,283
318180,259
318240,250
318300,250
318360,257
318420,257
318480,267
318540,267
318600,267
318660,277
318720,277
318780,277
318840,285
318900,294
318960,294
319020,292
319080,297
319140,297
319200,297
319260,287
319320,297
319380,297
319440,307
319500,307
319560,300
319620,270
319680,270
319740,270
319800,270
319860,277
319920,277
319980,277
320040,277
320100,277
320160,277
320220,268
320280,266
320340,266
320400,266
320460,266
320520,258
320580,248
320640,266
320700,266
320760,266
320820,252
320880,252
320940,252
321000,252
321060,252
321120,261
321180,261
321240,261
321300,270
321360,261
321420,256
321480,256
321540,253
321600,253
321660,244
321720,293
321780,299
321840,299
321900,299
321960,289
322020,311
322080,311
322140,311
322200,311
322260,311
322320,311
322380,311
322440,306
322500,299
322560,304
322620,287
322680,268
322740,258
322800,259
322860,269
322920,246
322980,255
323040,255
323100,255
323160,255
323220,245
323280,235
323340,226
323400,226
323460,226
323520,184
323580,184
323640,184
323700,202
323760,202
323820,211
323880,211
323940,220
324000,208
324060,213
324120,205
324180,205
324240,205
324300,222
324360,218
324420,208
324480,196
324540,211
324600,201
324660,201
324720,209
324780,209
324840,209
324900,209
324960,227
325020,227
325080,227
325140,227
325200,242
325260,232
325320,236
325380,226
325440,239
325500,251
325560,264
325620,242
325680,232
325740,233
325800,228
325860,228
325920,228
325980,243
326040,243
326100,233
326160,239
326220,234
326280,213
326340,220
326400,220
326460,213
326520,177
326580,183
326640,186
326700,195
326760,164
326820,158
326880,168
326940,186
327000,175
327060,175
327120,175
327180,175
327240,169
327300,169
327360,161
327420,165
327480,159
327540,175
327600,175
327660,175
327720,185
327780,157
327840,146
327900,168
327960,159
328020,149
328080,129
328140,138
328200,138
328260,126
328320,138
328380,138
328440,128
328500,156
328560,156
328620,156
328680,153
328740,153
328800,156
328860,156
328920,156
328980,188
329040,188
329100,188
329160,178
329220,178
329280,168
329340,148
329400,150
329460,140
329520,110
329580,83
329640,86
329700,119
329760,109
329820,109
329880,61
329940,43
330000,34
330060,90
330120,82
330180,82
330240,82
330300,72
330360,72
330420,72
330480,62
330540,62
330600,62
330660,62
330720,62
330780,62
330840,62
330900,62
330960,37
331020,30
331080,30
331140,30
331200,20
331260,20
331320,20
331380,20
331440,20
331500,20
331560,10
331620,10
331680,10
331740,10
331800,0
331860,0
331920,0
331980,0
332040,0
332100,0
332160,0
332220,0
332280,0
332340,0
332400,0
332460,0
332520,0
332580,0
332640,0
332700,0
332760,0
332820,0
332880,0
332940,0
333000,0
333060,0
333120,0
333180,0
333240,0
333300,0
333360,0
333420,0
333480,0
333540,0
333600,0
333660,0
333720,0
333780,0
333840,0
333900,0
333960,0
334020,0
334080,0
334140,0
334200,0
334260,0
334320,0
334380,0
334440,0
334500,0
334560,0
334620,0
334680,0
334740,0
334800,0
334860,0
334920,0
334980,0
335040,0
335100,0
335160,0
335220,0
335280,0
335340,0
335400,0
335460,0
335520,0
335580,0
335640,0
335700,0
335760,0
335820,0
335880,0
335940,0
336000,0
336060,0
336120,0
336180,0
336240,0
336300,0
336360,0
336420,0
336480,0
336540,0
336600,0
336660,0
336720,0
336780,0
336840,0
336900,0
336960,0
337020,0
337080,0
337140,0
337200,0
337260,0
337320,0
337380,0
337440,0
337500,0
337560,0
337620,0
337680,0
337740,0
337800,0
337860,0
337920,0
337980,0
338040,0
338100,0
338160,0
338220,0
338280,0
338340,0
338400,0
338460,0
338520,0
338580,0
338640,0
338700,0
338760,0
338820,0
338880,0
338940,0
339000,0
339060,0
339120,0
339180,0
339240,0
339300,0
339360,0
339420,0
339480,0
339540,0
339600,0
339660,0
339720,0
339780,0
339840,0
339900,0
339960,0
340020,0
340080,0
340140,0
340200,0
340260,0
340320,0
340380,0
340440,0
340500,0
340560,0
340620,0
340680,0
340740,0
340800,0
340860,0
340920,0
340980,0
341040,0
341100,0
341160,0
341220,0
341280,0
341340,0
341400,0
341460,0
341520,0
341580,0
341640,0
341700,0
341760,0
341820,0
341880,0
341940,0
342000,0
342060,0
342120,0
342180,0
342240,0
342300,0
342360,0
342420,0
342480,0
342540,0
342600,0
342660,0
342720,0
342780,0
342840,0
342900,0
342960,0
343020,0
343080,0
343140,0
343200,0
343260,0
343320,0
343380,0
343440,0
343500,0
343560,0
343620,0
343680,0
343740,0
343800,0
343860,0
343920,0
343980,0
344040,0
344100,0
344160,0
344220,0
344280,0
344340,0
344400,0
344460,0
344520,0
344580,0
344640,0
344700,0
344760,0
344820,0
344880,0
344940,0
345000,0
345060,0
345120,0
345180,0
345240,0
345300,0
345360,0
345420,0
345480,0
345540,0
345600,0
345660,0
345720,0
345780,0
345840,0
345900,0
345960,0
346020,0
346080,0
346140,0
346200,0
346260,0
346320,0
346380,0
346440,0
346500,0
346560,0
346620,0
346680,0
346740,0
346800,0
346860,0
346920,0
346980,0
347040,0
347100,0
347160,0
347220,0
347280,0
347340,0
347400,0
347460,0
347520,0
347580,0
347640,0
347700,0
347760,0
347820,0
347880,0
347940,0
348000,0
348060,0
348120,0
348180,0
348240,0
348300,0
348360,0
348420,0
348480,0
348540,0
348600,0
348660,0
348720,0
348780,0
348840,0
348900,0
348960,0
349020,0
349080,0
349140,0
349200,0
349260,0
349320,0
349380,0
349440,0
349500,0
349560,0
349620,0
349680,0
349740,0
349800,0
349860,0
349920,0
349980,0
350040,0
350100,0
350160,0
350220,0
350280,0
350340,0
350400,0
350460,0
350520,0
350580,0
350640,0
350700,0
350760,0
350820,0
350880,0
350940,0
351000,0
351060,0
351120,0
351180,0
351240,0
351300,0
351360,0
351420,0
351480,0
351540,0
351600,0
351660,0
351720,0
351780,0
351840,0
351900,0
351960,0
352020,0
352080,0
352140,0
352200,0
352260,0
352320,0
352380,0
352440,0
352500,0
352560,0
352620,0
352680,0
352740,0
352800,0
352860,0
352920,0
352980,0
353040,0
353100,0
353160,0
353220,0
353280,0
353340,0
353400,0
353460,0
353520,0
353580,0
353640,0
353700,0
353760,0
353820,0
353880,0
353940,0
354000,0
354060,0
354120,0
354180,0
354240,0
354300,0
354360,0
354420,0
354480,0
354540,0
354600,0
354660,0
354720,0
354780,0
354840,0
354900,0
354960,0
355020,0
355080,0
355140,0
355200,0
355260,0
355320,0
355380,0
355440,0
355500,0
355560,0
355620,0
355680,0
355740,0
355800,0
355860,0
355920,0
355980,0
356040,0
356100,0
356160,0
356220,0
356280,0
356340,0
356400,0
356460,0
356520,0
356580,0
356640,0
356700,0
356760,0
356820,0
356880,0
356940,0
357000,0
357060,0
357120,0
357180,0
357240,0
357300,0
357360,0
357420,0
357480,0
357540,0
357600,0
357660,0
357720,0
357780,0
357840,0
357900,0
357960,0
358020,0
358080,0
358140,0
358200,0
358260,0
358320,0
358380,0
358440,0
358500,0
358560,0
358620,0
358680,0
358740,0
358800,0
358860,0
358920,0
358980,0
359040,0
359100,0
359160,0
359220,0
359280,0
359340,0
359400,0
359460,0
359520,0
359580,0
359640,0
359700,0
359760,0
359820,0
359880,0
359940,0
360000,0
360060,0
360120,0
360180,0
360240,0
360300,0
360360,0
360420,0
360480,0
360540,0
360600,0
360660,0
360720,0
360780,0
360840,0
360900,0
360960,0
361020,0
361080,0
361140,0
361200,0
361260,0
361320,0
361380,0
361440,0
361500,0
361560,0
361620,0
361680,0
361740,0
361800,0
361860,0
361920,0
361980,0
362040,0
362100,0
362160,0
362220,0
362280,0
362340,0
362400,0
362460,0
362520,0
362580,0
362640,0
362700,0
362760,0
362820,0
362880,0
362940,0
363000,0
363060,0
363120,0
363180,0
363240,0
363300,0
363360,0
363420,0
363480,0
363540,0
363600,0
363660,0
363720,0
363780,0
363840,0
363900,0
363960,0
364020,0
364080,0
364140,0
364200,0
364260,0
364320,0
364380,0
364440,0
364500,0
364560,0
364620,0
364680,0
364740,0
364800,0
364860,0
364920,0
364980,0
365040,0
365100,0
365160,0
365220,0
365280,0
365340,0
365400,0
365460,0
365520,0
365580,0
365640,0
365700,0
365760,0
365820,0
365880,0
365940,0
366000,0
366060,0
366120,0
366180,0
366240,0
366300,0
366360,0
366420,0
366480,0
366540,0
366600,0
366660,0
366720,0
366780,0
366840,0
366900,0
366960,0
367020,0
367080,0
367140,0
367200,0
367260,0
367320,0
367380,0
367440,0
367500,0
367560,0
367620,0
367680,0
367740,0
367800,0
367860,0
367920,0
367980,0
368040,0
368100,0
368160,0
368220,0
368280,0
368340,0
368400,0
368460,0
368520,0
368580,0
368640,0
368700,0
368760,0
368820,0
368880,0
368940,0
369000,0
369060,0
369120,0
369180,0
369240,0
369300,0
369360,0
369420,0
369480,0
369540,0
369600,0
369660,0
369720,0
369780,0
369840,0
369900,0
369960,0
370020,0
370080,0
370140,0
370200,0
370260,0
370320,0
370380,0
370440,0
370500,0
370560,0
370620,0
370680,0
370740,0
370800,0
370860,0
370920,0
370980,0
371040,0
371100,0
371160,0
371220,0
371280,0
371340,0
371400,0
371460,0
371520,0
371580,0
371640,0
371700,0
371760,0
371820,0
371880,0
371940,0
372000,0
372060,0
372120,0
372180,0
372240,0
372300,0
372360,0
372420,0
372480,0
372540,0
372600,0
372660,0
372720,0
372780,0
372840,0
372900,0
372960,0
373020,0
373080,0
373140,0
373200,0
373260,0
373320,0
373380,0
373440,0
373500,0
373560,0
373620,0
373680,0
373740,0
373800,0
373860,0
373920,0
373980,0
374040,0
374100,0
374160,0
374220,0
374280,0
374340,0
374400,0
374460,0
374520,0
374580,0
374640,0
374700,0
374760,0
374820,0
374880,0
374940,0
375000,0
375060,0
375120,0
375180,0
375240,0
375300,0
375360,0
375420,0
375480,0
375540,0
375600,0
375660,0
375720,0
375780,0
375840,0
375900,0
375960,0
376020,0
376080,0
376140,0
376200,0
376260,0
376320,0
376380,0
376440,0
376500,0
376560,0
376620,0
376680,0
376740,0
376800,0
376860,0
376920,10
376980,10
377040,10
377100,10
377160,10
377220,10
377280,10
377340,10
377400,20
377460,33
377520,33
377580,33
377640,33
377700,33
377760,33
377820,33
377880,33
377940,33
378000,33
378060,43
378120,43
378180,43
378240,53
378300,53
378360,53
378420,58
378480,58
378540,58
378600,61
378660,78
378720,87
378780,87
378840,97
378900,116
378960,116
379020,126
379080,133
379140,133
379200,134
379260,143
379320,153
379380,161
379440,168
379500,178
379560,197
379620,215
379680,212
379740,222
379800,232
379860,242
379920,258
379980,242
380040,235
380100,238
380160,248
380220,257
380280,262
380340,261
380400,244
380460,244
380520,244
380580,251
380640,251
380700,258
380760,263
380820,254
380880,254
380940,254
381000,254
381060,254
381120,259
381180,259
381240,249
381300,248
381360,258
381420,258
381480,258
381540,268
381600,268
381660,268
381720,259
381780,259
381840,259
381900,246
381960,246
382020,246
382080,239
382140,239
382200,246
382260,254
382320,254
382380,254
382440,262
382500,267
382560,268
382620,268
382680,269
382740,271
382800,271
382860,252
382920,203
382980,189
383040,221
383100,215
383160,200
383220,197
383280,206
383340,203
383400,210
383460,210
383520,206
383580,215
383640,215
383700,205
383760,187
383820,193
383880,193
383940,190
384000,218
384060,254
384120,259
384180,259
384240,228
384300,238
384360,251
384420,251
384480,268
384540,268
384600,278
384660,287
384720,287
384780,288
384840,288
384900,288
384960,288
385020,288
385080,293
385140,304
385200,304
385260,304
385320,307
385380,307
385440,307
385500,316
385560,326
385620,326
385680,326
385740,357
385800,334
385860,331
385920,352
385980,352
386040,348
386100,348
386160,365
386220,368
386280,368
386340,337
386400,344
386460,318
386520,319
386580,324
386640,343
386700,337
386760,347
386820,341
386880,333
386940,333
387000,348
387060,339
387120,331
387180,331
387240,347
387300,368
387360,368
387420,362
387480,361
387540,337
387600,355
387660,329
387720,329
387780,324
387840,344
387900,334
387960,334
388020,345
388080,336
388140,327
388200,310
388260,310
388320,310
388380,310
388440,320
388500,329
388560,329
388620,329
388680,329
388740,320
388800,320
388860,320
388920,310
388980,305
389040,305
389100,305
389160,305
389220,305
389280,305
389340,305
389400,305
389460,305
389520,305
389580,305
389640,300
389700,294
389760,257
389820,248
389880,302
389940,302
390000,294
390060,294
390120,297
390180,297
390240,297
390300,292
390360,284
390420,258
390480,277
390540,272
390600,272
390660,268
390720,249
390780,252
390840,236
390900,242
390960,243
391020,253
391080,242
391140,242
391200,235
391260,235
391320,244
391380,244
391440,244
391500,244
391560,244
391620,249
391680,250
391740,258
391800,248
391860,280
391920,270
391980,272
392040,271
392100,271
392160,271
392220,271
392280,288
392340,287
392400,290
392460,281
392520,281
392580,274
392640,264
392700,264
392760,253
392820,233
392880,233
392940,205
393000,205
393060,202
393120,167
393180,167
393240,186
393300,176
393360,169
393420,169
393480,156
393540,146
393600,147
393660,147
393720,141
393780,137
393840,124
393900,125
393960,111
394020,111
394080,141
394140,141
394200,132
394260,122
394320,122
394380,125
394440,123
394500,134
394560,124
394620,114
394680,114
394740,104
394800,104
394860,101
394920,84
394980,93
395040,83
395100,73
395160,73
395220,73
395280,73
395340,73
395400,73
395460,83
395520,66
395580,67
395640,67
395700,67
395760,67
395820,67
395880,77
395940,77
396000,67
396060,67
396120,67
396180,67
396240,67
396300,50
396360,50
396420,50
396480,57
396540,57
396600,57
396660,57
396720,57
396780,69
396840,62
396900,72
396960,82
397020,82
397080,72
397140,82
397200,112
397260,112
397320,122
397380,122
397440,122
397500,122
397560,127
397620,117
397680,136
397740,136
397800,136
397860,138
397920,147
397980,147
398040,147
398100,147
398160,146
398220,157
398280,166
398340,185
398400,185
398460,193
398520,184
398580,189
398640,201
398700,197
398760,205
398820,200
398880,200
398940,195
399000,204
399060,215
399120,225
399180,228
399240,238
399300,238
399360,228
399420,237
399480,255
399540,256
399600,266
399660,266
399720,266
399780,266
399840,266
399900,242
399960,243
400020,261
400080,280
400140,299
400200,282
400260,292
400320,283
400380,269
400440,278
400500,278
400560,278
400620,292
400680,287
400740,302
400800,302
400860,302
400920,306
400980,275
401040,276
401100,319
401160,325
401220,325
401280,328
401340,314
401400,314
401460,310
401520,310
401580,320
401640,311
401700,311
401760,311
401820,311
401880,293
401940,303
402000,303
402060,306
402120,292
402180,282
402240,282
402300,290
402360,290
402420,290
402480,290
402540,290
402600,280
402660,292
402720,303
402780,295
402840,292
402900,286
402960,286
403020,286
403080,293
403140,283
403200,278
403260,278
403320,270
403380,272
403440,262
403500,253
403560,241
403620,241
403680,251
403740,281
403800,281
403860,271
403920,271
403980,267
404040,267
404100,252
404160,257
404220,257
404280,248
404340,248
404400,248
404460,248
404520,248
404580,229
404640,229
404700,229
404760,229
404820,229
404880,218
404940,257
405000,257
405060,257
405120,272
405180,272
405240,275
405300,275
405360,285
405420,288
405480,288
405540,288
405600,288
405660,288
405720,282
405780,282
405840,282
405900,282
405960,282
406020,282
406080,290
406140,290
406200,290
406260,290
406320,290
406380,290
406440,290
406500,299
406560,302
406620,300
406680,300
406740,293
406800,293
406860,300
406920,300
406980,270
407040,270
407100,261
407160,249
407220,239
407280,239
407340,249
407400,234
407460,249
407520,249
407580,239
407640,239
407700,239
407760,248
407820,248
407880,248
407940,254
408000,271
408060,280
408120,270
408180,263
408240,263
408300,263
408360,263
408420,263
408480,263
408540,273
408600,273
408660,273
408720,273
408780,263
408840,264
408900,264
408960,264
409020,264
409080,254
409140,254
409200,244
409260,241
409320,241
409380,241
409440,243
409500,243
409560,243
409620,233
409680,254
409740,254
409800,254
409860,253
409920,265
409980,265
410040,265
410100,265
410160,265
410220,265
410280,270
410340,253
410400,253
410460,244
410520,244
410580,244
410640,244
410700,237
410760,247
410820,250
410880,235
410940,235
411000,230
411060,260
411120,260
411180,260
411240,250
411300,250
411360,256
411420,256
411480,256
411540,253
411600,260
411660,258
411720,258
411780,258
411840,258
411900,267
411960,274
412020,266
412080,268
412140,268
412200,230
412260,243
412320,222
412380,217
412440,198
412500,225
412560,215
412620,224
412680,214
412740,244
412800,266
412860,257
412920,196
412980,260
413040,254
413100,236
413160,236
413220,243
413280,246
413340,256
413400,264
413460,264
413520,261
413580,259
413640,269
413700,278
413760,278
413820,275
413880,274
413940,261
414000,255
414060,259
414120,259
414180,259
414240,259
414300,234
414360,215
414420,205
414480,196
414540,196
414600,188
414660,188
414720,178
414780,178
414840,178
414900,162
414960,152
415020,105
415080,105
415140,169
415200,169
415260,169
415320,169
415380,169
415440,169
415500,169
415560,169
415620,169
415680,159
415740,168
415800,168
415860,153
415920,146
415980,146
416040,136
416100,126
416160,126
416220,126
416280,126
416340,116
416400,116
416460,113
416520,113
416580,113
416640,113
416700,113
416760,103
416820,103
416880,103
416940,103
417000,103
417060,103
417120,103
417180,103
417240,93
417300,93
417360,83
417420,98
417480,88
417540,69
417600,60
417660,60
417720,31
417780,44
417840,34
417900,34
417960,10
418020,10
418080,0
418140,0
418200,0
418260,0
418320,0
418380,0
418440,0
418500,0
418560,0
418620,0
418680,0
418740,0
418800,0
418860,0
418920,0
418980,0
419040,0
419100,0
419160,0
419220,0
419280,0
419340,0
419400,0
419460,0
419520,0
419580,0
419640,0
419700,0
419760,0
419820,0
419880,0
419940,0
420000,0
420060,0
420120,0
420180,0
420240,0
420300,0
420360,0
420420,0
420480,0
420540,0
420600,0
420660,0
420720,0
420780,0
420840,0
420900,0
420960,0
421020,0
421080,0
421140,0
421200,0
421260,0
421320,0
421380,0
421440,0
421500,0
421560,0
421620,0
421680,0
421740,0
421800,0
421860,0
421920,0
421980,0
422040,0
422100,0
422160,0
422220,0
422280,0
422340,0
422400,0
422460,0
422520,0
422580,0
422640,0
422700,0
422760,0
422820,0
422880,0
422940,0
423000,0
423060,0
423120,0
423180,0
423240,0
423300,0
423360,0
423420,0
423480,0
423540,0
423600,0
423660,0
423720,0
423780,0
423840,0
423900,0
423960,0
424020,0
424080,0
424140,0
424200,0
424260,0
424320,0
424380,0
424440,0
424500,0
424560,0
424620,0
424680,0
424740,0
424800,0
424860,0
424920,0
424980,0
425040,0
425100,0
425160,0
425220,0
425280,0
425340,0
425400,0
425460,0
425520,0
425580,0
425640,0
425700,0
425760,0
425820,0
425880,0
425940,0
426000,0
426060,0
426120,0
426180,0
426240,0
426300,0
426360,0
426420,0
426480,0
426540,0
426600,0
426660,0
426720,0
426780,0
426840,0
426900,0
426960,0
427020,0
427080,0
427140,0
427200,0
427260,0
427320,0
427380,0
427440,0
427500,0
427560,0
427620,0
427680,0
427740,0
427800,0
427860,0
427920,0
427980,0
428040,0
428100,0
428160,0
428220,0
428280,0
428340,0
428400,0
428460,0
428520,0
428580,0
428640,0
428700,0
428760,0
428820,0
428880,0
428940,0
429000,0
429060,0
429120,0
429180,0
429240,0
429300,0
429360,0
429420,0
429480,0
429540,0
429600,0
429660,0
429720,0
429780,0
429840,0
429900,0
429960,0
430020,0
430080,0
430140,0
430200,0
430260,0
430320,0
430380,0
430440,0
430500,0
430560,0
430620,0
430680,0
430740,0
430800,0
430860,0
430920,0
430980,0
431040,0
431100,0
431160,0
431220,0
431280,0
431340,0
431400,0
431460,0
431520,0
431580,0
431640,0
431700,0
431760,0
431820,0
431880,0
