sec,number
0,0
60,0
120,0
180,0
240,0
300,0
360,0
420,0
480,0
540,0
600,0
660,0
720,0
780,0
840,0
900,0
960,0
1020,0
1080,0
1140,0
1200,0
1260,0
1320,0
1380,0
1440,0
1500,0
1560,0
1620,0
1680,0
1740,0
1800,0
1860,0
1920,0
1980,0
2040,0
2100,0
2160,0
2220,0
2280,0
2340,0
2400,0
2460,0
2520,0
2580,0
2640,0
2700,0
2760,0
2820,0
2880,0
2940,0
3000,0
3060,0
3120,0
3180,0
3240,0
3300,0
3360,0
3420,0
3480,0
3540,0
3600,0
3660,0
3720,0
3780,0
3840,0
3900,0
3960,0
4020,0
4080,0
4140,0
4200,0
4260,0
4320,0
4380,0
4440,0
4500,0
4560,0
4620,0
4680,0
4740,0
4800,0
4860,0
4920,0
4980,0
5040,0
5100,0
5160,0
5220,0
5280,0
5340,0
5400,0
5460,0
5520,0
5580,0
5640,0
5700,0
5760,0
5820,0
5880,0
5940,0
6000,0
6060,0
6120,0
6180,0
6240,0
6300,0
6360,0
6420,0
6480,0
6540,0
6600,0
6660,0
6720,0
6780,0
6840,0
6900,0
6960,0
7020,0
7080,0
7140,0
7200,0
7260,0
7320,0
7380,0
7440,0
7500,0
7560,0
7620,0
7680,0
7740,0
7800,0
7860,0
7920,0
7980,0
8040,0
8100,0
8160,0
8220,0
8280,0
8340,0
8400,0
8460,0
8520,0
8580,0
8640,0
8700,0
8760,0
8820,0
8880,0
8940,0
9000,0
9060,0
9120,0
9180,0
9240,0
9300,0
9360,0
9420,0
9480,0
9540,0
9600,0
9660,0
9720,0
9780,0
9840,0
9900,0
9960,0
10020,0
10080,0
10140,0
10200,0
10260,0
10320,0
10380,0
10440,0
10500,0
10560,0
10620,0
10680,0
10740,0
10800,0
10860,0
10920,0
10980,0
11040,0
11100,0
11160,0
11220,0
11280,0
11340,0
11400,0
11460,0
11520,0
11580,0
11640,0
11700,0
11760,0
11820,0
11880,0
11940,0
12000,0
12060,0
12120,0
12180,0
12240,0
12300,0
12360,0
12420,0
12480,0
12540,0
12600,0
12660,0
12720,0
12780,0
12840,0
12900,0
12960,0
13020,0
13080,0
13140,0
13200,0
13260,0
13320,0
13380,0
13440,0
13500,0
13560,0
13620,0
13680,0
13740,0
13800,0
13860,0
13920,0
13980,0
14040,0
14100,0
14160,0
14220,0
14280,0
14340,0
14400,0
14460,0
14520,0
14580,0
14640,0
14700,0
14760,0
14820,0
14880,0
14940,0
15000,0
15060,0
15120,0
15180,0
15240,0
15300,0
15360,0
15420,0
15480,0
15540,0
15600,0
15660,0
15720,0
15780,0
15840,0
15900,0
15960,0
16020,0
16080,0
16140,0
16200,0
16260,0
16320,0
16380,0
16440,0
16500,0
16560,0
16620,0
16680,0
16740,0
16800,0
16860,0
16920,0
16980,0
17040,0
17100,0
17160,0
17220,0
17280,0
17340,0
17400,0
17460,0
17520,0
17580,0
17640,0
17700,0
17760,0
17820,0
17880,0
17940,0
18000,0
18060,0
18120,0
18180,0
18240,0
18300,0
18360,0
18420,0
18480,0
18540,0
18600,0
18660,0
18720,0
18780,0
18840,0
18900,0
18960,0
19020,0
19080,0
19140,0
19200,0
19260,0
19320,0
19380,0
19440,0
19500,0
19560,0
19620,0
19680,0
19740,0
19800,0
19860,0
19920,0
19980,0
20040,0
20100,0
20160,0
20220,0
20280,0
20340,0
20400,0
20460,0
20520,0
20580,0
20640,0
20700,0
20760,0
20820,0
20880,0
20940,0
21000,0
21060,0
21120,0
21180,0
21240,0
21300,0
21360,0
21420,0
21480,0
21540,0
21600,0
21660,0
21720,0
21780,0
21840,0
21900,0
21960,0
22020,0
22080,0
22140,0
22200,0
22260,0
22320,0
22380,0
22440,0
22500,0
22560,0
22620,0
22680,0
22740,0
22800,0
22860,0
22920,0
22980,0
23040,0
23100,0
23160,0
23220,0
23280,0
23340,0
23400,0
23460,0
23520,0
23580,0
23640,0
23700,0
23760,0
23820,0
23880,0
23940,0
24000,0
24060,0
24120,0
24180,0
24240,0
24300,0
24360,0
24420,0
24480,0
24540,0
24600,0
24660,0
24720,0
24780,0
24840,0
24900,0
24960,0
25020,0
25080,0
25140,0
25200,0
25260,0
25320,0
25380,0
25440,0
25500,0
25560,0
25620,0
25680,0
25740,0
25800,0
25860,0
25920,0
25980,0
26040,0
26100,0
26160,0
26220,0
26280,0
26340,0
26400,0
26460,0
26520,0
26580,0
26640,0
26700,0
26760,0
26820,0
26880,0
26940,0
27000,0
27060,0
27120,0
27180,0
27240,0
27300,0
27360,0
27420,0
27480,0
27540,0
27600,0
27660,0
27720,0
27780,0
27840,0
27900,0
27960,0
28020,0
28080,0
28140,0
28200,0
28260,0
28320,0
28380,0
28440,0
28500,0
28560,0
28620,0
28680,0
28740,0
28800,0
28860,0
28920,0
28980,0
29040,0
29100,0
29160,0
29220,0
29280,0
29340,0
29400,0
29460,0
29520,0
29580,0
29640,0
29700,0
29760,0
29820,0
29880,0
29940,0
30000,0
30060,0
30120,0
30180,0
30240,0
30300,0
30360,1
30420,1
30480,1
30540,1
30600,1
30660,1
30720,1
30780,1
30840,1
30900,1
30960,1
31020,1
31080,1
31140,1
31200,1
31260,1
31320,1
31380,1
31440,1
31500,1
31560,2
31620,2
31680,2
31740,3
31800,5
31860,5
31920,5
31980,6
32040,7
32100,9
32160,12
32220,14
32280,17
32340,17
32400,18
32460,18
32520,19
32580,19
32640,20
32700,20
32760,21
32820,23
32880,23
32940,23
33000,24
33060,24
33120,24
33180,24
33240,24
33300,24
33360,24
33420,24
33480,24
33540,24
33600,24
33660,24
33720,24
33780,24
33840,25
33900,25
33960,26
34020,27
34080,27
34140,28
34200,29
34260,29
34320,29
34380,29
34440,30
34500,30
34560,30
34620,30
34680,30
34740,30
34800,30
34860,30
34920,31
34980,31
35040,31
35100,31
35160,31
35220,31
35280,31
35340,31
35400,31
35460,31
35520,31
35580,31
35640,32
35700,33
35760,33
35820,34
35880,34
35940,34
36000,34
36060,35
36120,36
36180,36
36240,38
36300,38
36360,38
36420,38
36480,39
36540,38
36600,38
36660,38
36720,38
36780,37
36840,37
36900,35
36960,34
37020,33
37080,31
37140,31
37200,32
37260,32
37320,34
37380,34
37440,34
37500,33
37560,33
37620,33
37680,34
37740,34
37800,33
37860,34
37920,36
37980,36
38040,36
38100,36
38160,36
38220,35
38280,34
38340,34
38400,35
38460,35
38520,38
38580,38
38640,38
38700,38
38760,37
38820,36
38880,36
38940,36
39000,35
39060,35
39120,35
39180,35
39240,35
39300,35
39360,36
39420,36
39480,36
39540,37
39600,37
39660,37
39720,38
39780,38
39840,38
39900,38
39960,38
40020,38
40080,38
40140,37
40200,37
40260,39
40320,39
40380,39
40440,39
40500,39
40560,40
40620,40
40680,40
40740,40
40800,40
40860,40
40920,40
40980,39
41040,40
41100,39
41160,38
41220,38
41280,38
41340,39
41400,39
41460,39
41520,38
41580,38
41640,38
41700,38
41760,39
41820,39
41880,38
41940,38
42000,37
42060,38
42120,37
42180,37
42240,37
42300,38
42360,38
42420,38
42480,38
42540,38
42600,38
42660,38
42720,38
42780,39
42840,39
42900,39
42960,39
43020,40
43080,40
43140,40
43200,41
43260,41
43320,41
43380,40
43440,40
43500,40
43560,41
43620,41
43680,41
43740,41
43800,42
43860,42
43920,43
43980,43
44040,43
44100,43
44160,43
44220,43
44280,42
44340,41
44400,41
44460,39
44520,39
44580,36
44640,36
44700,36
44760,35
44820,35
44880,34
44940,34
45000,35
45060,34
45120,34
45180,34
45240,34
45300,34
45360,34
45420,34
45480,34
45540,34
45600,33
45660,33
45720,32
45780,32
45840,31
45900,31
45960,29
46020,29
46080,28
46140,27
46200,26
46260,26
46320,27
46380,28
46440,26
46500,25
46560,25
46620,25
46680,25
46740,25
46800,24
46860,23
46920,24
46980,25
47040,25
47100,25
47160,25
47220,25
47280,25
47340,26
47400,26
47460,24
47520,24
47580,24
47640,24
47700,24
47760,23
47820,23
47880,22
47940,22
48000,21
48060,20
48120,19
48180,19
48240,18
48300,15
48360,15
48420,15
48480,13
48540,12
48600,12
48660,11
48720,11
48780,11
48840,12
48900,12
48960,12
49020,12
49080,11
49140,11
49200,10
49260,9
49320,9
49380,8
49440,7
49500,5
49560,5
49620,5
49680,5
49740,5
49800,5
49860,6
49920,6
49980,6
50040,7
50100,6
50160,6
50220,8
50280,9
50340,10
50400,11
50460,11
50520,11
50580,11
50640,11
50700,9
50760,9
50820,10
50880,11
50940,12
51000,12
51060,12
51120,11
51180,11
51240,11
51300,11
51360,12
51420,13
51480,13
51540,13
51600,13
51660,14
51720,16
51780,17
51840,17
51900,17
51960,17
52020,18
52080,19
52140,19
52200,19
52260,19
52320,20
52380,21
52440,21
52500,21
52560,22
52620,24
52680,25
52740,25
52800,26
52860,26
52920,26
52980,26
53040,27
53100,26
53160,26
53220,27
53280,26
53340,27
53400,27
53460,27
53520,28
53580,28
53640,28
53700,28
53760,27
53820,27
53880,27
53940,28
54000,28
54060,28
54120,28
54180,28
54240,29
54300,29
54360,29
54420,29
54480,28
54540,28
54600,29
54660,29
54720,30
54780,30
54840,30
54900,30
54960,30
55020,31
55080,32
55140,33
55200,33
55260,32
55320,32
55380,32
55440,32
55500,32
55560,33
55620,33
55680,33
55740,33
55800,33
55860,33
55920,33
55980,33
56040,33
56100,33
56160,35
56220,35
56280,35
56340,35
56400,35
56460,36
56520,36
56580,36
56640,36
56700,36
56760,36
56820,36
56880,36
56940,37
57000,38
57060,38
57120,38
57180,38
57240,38
57300,37
57360,37
57420,36
57480,37
57540,37
57600,37
57660,37
57720,37
57780,37
57840,37
57900,37
57960,37
58020,37
58080,37
58140,37
58200,37
58260,37
58320,37
58380,37
58440,37
58500,36
58560,36
58620,36
58680,36
58740,36
58800,36
58860,35
58920,35
58980,35
59040,35
59100,35
59160,35
59220,35
59280,35
59340,35
59400,35
59460,35
59520,34
59580,34
59640,34
59700,34
59760,34
59820,34
59880,34
59940,34
60000,34
60060,34
60120,34
60180,34
60240,34
60300,33
60360,33
60420,33
60480,33
60540,33
60600,33
60660,32
60720,32
60780,32
60840,32
60900,32
60960,32
61020,30
61080,30
61140,30
61200,30
61260,29
61320,29
61380,29
61440,29
61500,29
61560,28
61620,28
61680,28
61740,28
61800,28
61860,28
61920,28
61980,30
62040,30
62100,30
62160,30
62220,30
62280,30
62340,30
62400,30
62460,31
62520,31
62580,32
62640,33
62700,33
62760,33
62820,33
62880,33
62940,32
63000,32
63060,32
63120,32
63180,33
63240,33
63300,33
63360,33
63420,35
63480,36
63540,36
63600,35
63660,35
63720,34
63780,35
63840,35
63900,35
63960,35
64020,35
64080,35
64140,35
64200,35
64260,35
64320,33
64380,33
64440,33
64500,33
64560,33
64620,33
64680,33
64740,33
64800,33
64860,33
64920,33
64980,34
65040,34
65100,34
65160,34
65220,34
65280,33
65340,33
65400,33
65460,33
65520,33
65580,33
65640,34
65700,34
65760,34
65820,34
65880,35
65940,34
66000,34
66060,34
66120,33
66180,33
66240,33
66300,32
66360,31
66420,31
66480,31
66540,31
66600,30
66660,30
66720,27
66780,27
66840,26
66900,25
66960,25
67020,23
67080,22
67140,22
67200,22
67260,22
67320,22
67380,22
67440,21
67500,21
67560,21
67620,21
67680,21
67740,21
67800,21
67860,20
67920,20
67980,20
68040,19
68100,19
68160,18
68220,17
68280,17
68340,17
68400,16
68460,13
68520,12
68580,12
68640,11
68700,11
68760,11
68820,11
68880,10
68940,10
69000,10
69060,10
69120,10
69180,10
69240,10
69300,10
69360,10
69420,10
69480,10
69540,10
69600,10
69660,10
69720,10
69780,10
69840,10
69900,9
69960,9
70020,9
70080,9
70140,9
70200,7
70260,7
70320,7
70380,6
70440,6
70500,6
70560,5
70620,5
70680,5
70740,5
70800,5
70860,5
70920,5
70980,5
71040,5
71100,5
71160,5
71220,5
71280,4
71340,4
71400,4
71460,4
71520,4
71580,4
71640,3
71700,3
71760,3
71820,3
71880,3
71940,3
72000,3
72060,3
72120,2
72180,2
72240,2
72300,1
72360,0
72420,0
72480,0
72540,0
72600,0
72660,0
72720,0
72780,0
72840,0
72900,0
72960,0
73020,0
73080,0
73140,0
73200,0
73260,0
73320,0
73380,0
73440,0
73500,0
73560,0
73620,0
73680,0
73740,0
73800,0
73860,0
73920,0
73980,0
74040,0
74100,0
74160,0
74220,0
74280,0
74340,0
74400,0
74460,0
74520,0
74580,0
74640,0
74700,0
74760,0
74820,0
74880,0
74940,0
75000,0
75060,0
75120,0
75180,0
75240,0
75300,0
75360,0
75420,0
75480,0
75540,0
75600,0
75660,0
75720,0
75780,0
75840,0
75900,0
75960,0
76020,0
76080,0
76140,0
76200,0
76260,0
76320,0
76380,0
76440,0
76500,0
76560,0
76620,0
76680,0
76740,0
76800,0
76860,0
76920,0
76980,0
77040,0
77100,0
77160,0
77220,0
77280,0
77340,0
77400,0
77460,0
77520,0
77580,0
77640,0
77700,0
77760,0
77820,0
77880,0
77940,0
78000,0
78060,0
78120,0
78180,0
78240,0
78300,0
78360,0
78420,0
78480,0
78540,0
78600,0
78660,0
78720,0
78780,0
78840,0
78900,0
78960,0
79020,0
79080,0
79140,0
79200,0
79260,0
79320,0
79380,0
79440,0
79500,0
79560,0
79620,0
79680,0
79740,0
79800,0
79860,0
79920,0
79980,0
80040,0
80100,0
80160,0
80220,0
80280,0
80340,0
80400,0
80460,0
80520,0
80580,0
80640,0
80700,0
80760,0
80820,0
80880,0
80940,0
81000,0
81060,0
81120,0
81180,0
81240,0
81300,0
81360,0
81420,0
81480,0
81540,0
81600,0
81660,0
81720,0
81780,0
81840,0
81900,0
81960,0
82020,0
82080,0
82140,0
82200,0
82260,0
82320,0
82380,0
82440,0
82500,0
82560,0
82620,0
82680,0
82740,0
82800,0
82860,0
82920,0
82980,0
83040,0
83100,0
83160,0
83220,0
83280,0
83340,0
83400,0
83460,0
83520,0
83580,0
83640,0
83700,0
83760,0
83820,0
83880,0
83940,0
84000,0
84060,0
84120,0
84180,0
84240,0
84300,0
84360,0
84420,0
84480,0
84540,0
84600,0
84660,0
84720,0
84780,0
84840,0
84900,0
84960,0
85020,0
85080,0
85140,0
85200,0
85260,0
85320,0
85380,0
85440,0
85500,0
85560,0
85620,0
85680,0
85740,0
85800,0
85860,0
85920,0
85980,0
86040,0
86100,0
86160,0
86220,0
86280,0
86340,0
86400,0
86460,0
86520,0
86580,0
86640,0
86700,0
86760,0
86820,0
86880,0
86940,0
87000,0
87060,0
87120,0
87180,0
87240,0
87300,0
87360,0
87420,0
87480,0
87540,0
87600,0
87660,0
87720,0
87780,0
87840,0
87900,0
87960,0
88020,0
88080,0
88140,0
88200,0
88260,0
88320,0
88380,0
88440,0
88500,0
88560,0
88620,0
88680,0
88740,0
88800,0
88860,0
88920,0
88980,0
89040,0
89100,0
89160,0
89220,0
89280,0
89340,0
89400,0
89460,0
89520,0
89580,0
89640,0
89700,0
89760,0
89820,0
89880,0
89940,0
90000,0
90060,0
90120,0
90180,0
90240,0
90300,0
90360,0
90420,0
90480,0
90540,0
90600,0
90660,0
90720,0
90780,0
90840,0
90900,0
90960,0
91020,0
91080,0
91140,0
91200,0
91260,0
91320,0
91380,0
91440,0
91500,0
91560,0
91620,0
91680,0
91740,0
91800,0
91860,0
91920,0
91980,0
92040,0
92100,0
92160,0
92220,0
92280,0
92340,0
92400,0
92460,0
92520,0
92580,0
92640,0
92700,0
92760,0
92820,0
92880,0
92940,0
93000,0
93060,0
93120,0
93180,0
93240,0
93300,0
93360,0
93420,0
93480,0
93540,0
93600,0
93660,0
93720,0
93780,0
93840,0
93900,0
93960,0
94020,0
94080,0
94140,0
94200,0
94260,0
94320,0
94380,0
94440,0
94500,0
94560,0
94620,0
94680,0
94740,0
94800,0
94860,0
94920,0
94980,0
95040,0
95100,0
95160,0
95220,0
95280,0
95340,0
95400,0
95460,0
95520,0
95580,0
95640,0
95700,0
95760,0
95820,0
95880,0
95940,0
96000,0
96060,0
96120,0
96180,0
96240,0
96300,0
96360,0
96420,0
96480,0
96540,0
96600,0
96660,0
96720,0
96780,0
96840,0
96900,0
96960,0
97020,0
97080,0
97140,0
97200,0
97260,0
97320,0
97380,0
97440,0
97500,0
97560,0
97620,0
97680,0
97740,0
97800,0
97860,0
97920,0
97980,0
98040,0
98100,0
98160,0
98220,0
98280,0
98340,0
98400,0
98460,0
98520,0
98580,0
98640,0
98700,0
98760,0
98820,0
98880,0
98940,0
99000,0
99060,0
99120,0
99180,0
99240,0
99300,0
99360,0
99420,0
99480,0
99540,0
99600,0
99660,0
99720,0
99780,0
99840,0
99900,0
99960,0
100020,0
100080,0
100140,0
100200,0
100260,0
100320,0
100380,0
100440,0
100500,0
100560,0
100620,0
100680,0
100740,0
100800,0
100860,0
100920,0
100980,0
101040,0
101100,0
101160,0
101220,0
101280,0
101340,0
101400,0
101460,0
101520,0
101580,0
101640,0
101700,0
101760,0
101820,0
101880,0
101940,0
102000,0
102060,0
102120,0
102180,0
102240,0
102300,0
102360,0
102420,0
102480,0
102540,0
102600,0
102660,0
102720,0
102780,0
102840,0
102900,0
102960,0
103020,0
103080,0
103140,0
103200,0
103260,0
103320,0
103380,0
103440,0
103500,0
103560,0
103620,0
103680,0
103740,0
103800,0
103860,0
103920,0
103980,0
104040,0
104100,0
104160,0
104220,0
104280,0
104340,0
104400,0
104460,0
104520,0
104580,0
104640,0
104700,0
104760,0
104820,0
104880,0
104940,0
105000,0
105060,0
105120,0
105180,0
105240,0
105300,0
105360,0
105420,0
105480,0
105540,0
105600,0
105660,0
105720,0
105780,0
105840,0
105900,0
105960,0
106020,0
106080,0
106140,0
106200,0
106260,0
106320,0
106380,0
106440,0
106500,0
106560,0
106620,0
106680,0
106740,0
106800,0
106860,0
106920,0
106980,0
107040,0
107100,0
107160,0
107220,0
107280,0
107340,0
107400,0
107460,0
107520,0
107580,0
107640,0
107700,0
107760,0
107820,0
107880,0
107940,0
108000,0
108060,0
108120,0
108180,0
108240,0
108300,0
108360,0
108420,0
108480,0
108540,0
108600,0
108660,0
108720,0
108780,0
108840,0
108900,0
108960,0
109020,0
109080,0
109140,0
109200,0
109260,0
109320,0
109380,0
109440,0
109500,0
109560,0
109620,0
109680,0
109740,0
109800,0
109860,0
109920,0
109980,0
110040,0
110100,0
110160,0
110220,0
110280,0
110340,0
110400,0
110460,0
110520,0
110580,0
110640,0
110700,0
110760,0
110820,0
110880,0
110940,0
111000,0
111060,0
111120,0
111180,0
111240,0
111300,0
111360,0
111420,0
111480,0
111540,0
111600,0
111660,0
111720,0
111780,0
111840,0
111900,0
111960,0
112020,0
112080,0
112140,0
112200,0
112260,0
112320,0
112380,0
112440,0
112500,0
112560,0
112620,0
112680,0
112740,0
112800,0
112860,0
112920,0
112980,0
113040,0
113100,0
113160,0
113220,0
113280,0
113340,0
113400,0
113460,0
113520,0
113580,0
113640,0
113700,0
113760,0
113820,0
113880,0
113940,0
114000,0
114060,0
114120,0
114180,0
114240,0
114300,0
114360,0
114420,0
114480,0
114540,0
114600,0
114660,0
114720,0
114780,0
114840,0
114900,0
114960,0
115020,0
115080,0
115140,0
115200,0
115260,0
115320,0
115380,0
115440,0
115500,0
115560,0
115620,0
115680,0
115740,0
115800,0
115860,0
115920,0
115980,0
116040,0
116100,0
116160,0
116220,0
116280,0
116340,0
116400,0
116460,0
116520,0
116580,2
116640,2
116700,3
116760,3
116820,3
116880,3
116940,3
117000,3
117060,3
117120,3
117180,3
117240,3
117300,3
117360,3
117420,3
117480,3
117540,3
117600,3
117660,3
117720,3
117780,3
117840,3
117900,3
117960,4
118020,4
118080,4
118140,5
118200,5
118260,6
118320,6
118380,7
118440,8
118500,10
118560,12
118620,14
118680,17
118740,17
118800,18
118860,18
118920,19
118980,19
119040,20
119100,20
119160,21
119220,21
119280,21
119340,21
119400,21
119460,21
119520,21
119580,21
119640,21
119700,21
119760,21
119820,21
119880,21
119940,21
120000,21
120060,21
120120,23
120180,23
120240,24
120300,24
120360,25
120420,25
120480,25
120540,27
120600,28
120660,28
120720,29
120780,29
120840,30
120900,30
120960,30
121020,30
121080,32
121140,34
121200,34
121260,34
121320,34
121380,34
121440,34
121500,34
121560,33
121620,33
121680,33
121740,33
121800,33
121860,33
121920,32
121980,32
122040,33
122100,33
122160,33
122220,33
122280,33
122340,33
122400,34
122460,34
122520,36
122580,36
122640,37
122700,37
122760,37
122820,37
122880,38
122940,38
123000,39
123060,39
123120,39
123180,39
123240,39
123300,38
123360,37
123420,35
123480,35
123540,35
123600,35
123660,35
123720,35
123780,35
123840,35
123900,35
123960,36
124020,36
124080,37
124140,39
124200,39
124260,38
124320,37
124380,37
124440,37
124500,35
124560,34
124620,34
124680,34
124740,34
124800,35
124860,35
124920,35
124980,35
125040,35
125100,35
125160,37
125220,38
125280,38
125340,38
125400,38
125460,38
125520,39
125580,38
125640,38
125700,38
125760,38
125820,38
125880,38
125940,39
126000,39
126060,39
126120,39
126180,39
126240,40
126300,40
126360,40
126420,40
126480,40
126540,41
126600,41
126660,41
126720,41
126780,41
126840,41
126900,41
126960,41
127020,41
127080,41
127140,41
127200,41
127260,41
127320,41
127380,40
127440,40
127500,40
127560,40
127620,40
127680,40
127740,41
127800,41
127860,41
127920,41
127980,41
128040,41
128100,41
128160,41
128220,41
128280,41
128340,41
128400,41
128460,41
128520,42
128580,42
128640,42
128700,42
128760,42
128820,40
128880,40
128940,41
129000,41
129060,41
129120,41
129180,41
129240,41
129300,42
129360,42
129420,42
129480,42
129540,42
129600,42
129660,42
129720,42
129780,42
129840,42
129900,42
129960,42
130020,42
130080,42
130140,43
130200,43
130260,43
130320,43
130380,43
130440,43
130500,43
130560,43
130620,43
130680,42
130740,42
130800,42
130860,41
130920,40
130980,40
131040,40
131100,40
131160,40
131220,40
131280,40
131340,39
131400,38
131460,38
131520,38
131580,38
131640,37
131700,35
131760,34
131820,32
131880,32
131940,31
132000,31
132060,31
132120,29
132180,29
132240,29
132300,29
132360,29
132420,29
132480,29
132540,28
132600,28
132660,28
132720,29
132780,30
132840,31
132900,32
132960,32
133020,32
133080,32
133140,32
133200,32
133260,32
133320,32
133380,32
133440,32
133500,31
133560,31
133620,31
133680,30
133740,27
133800,27
133860,27
133920,27
133980,27
134040,27
134100,25
134160,22
134220,21
134280,21
134340,21
134400,21
134460,21
134520,19
134580,18
134640,16
134700,14
134760,14
134820,13
134880,13
134940,12
135000,11
135060,8
135120,8
135180,8
135240,7
135300,7
135360,7
135420,7
135480,7
135540,6
135600,6
135660,6
135720,5
135780,5
135840,4
135900,4
135960,4
136020,4
136080,4
136140,4
136200,3
136260,4
136320,4
136380,4
136440,4
136500,5
136560,5
136620,6
136680,6
136740,7
136800,7
136860,7
136920,7
136980,7
137040,8
137100,9
137160,9
137220,9
137280,9
137340,11
137400,12
137460,12
137520,12
137580,12
137640,13
137700,13
137760,14
137820,14
137880,14
137940,14
138000,14
138060,14
138120,15
138180,16
138240,17
138300,18
138360,18
138420,20
138480,20
138540,20
138600,20
138660,20
138720,20
138780,21
138840,23
138900,24
138960,25
139020,24
139080,25
139140,24
139200,27
139260,27
139320,27
139380,27
139440,28
139500,28
139560,28
139620,28
139680,30
139740,30
139800,30
139860,30
139920,31
139980,31
140040,31
140100,31
140160,31
140220,32
140280,32
140340,32
140400,32
140460,32
140520,32
140580,32
140640,33
140700,33
140760,34
140820,34
140880,34
140940,34
141000,34
141060,34
141120,34
141180,34
141240,34
141300,34
141360,34
141420,34
141480,34
141540,34
141600,33
141660,33
141720,33
141780,33
141840,33
141900,33
141960,32
142020,33
142080,32
142140,32
142200,33
142260,33
142320,32
142380,33
142440,33
142500,33
142560,33
142620,33
142680,33
142740,33
142800,33
142860,33
142920,32
142980,32
143040,32
143100,31
143160,32
143220,33
143280,33
143340,33
143400,33
143460,34
143520,34
143580,35
143640,35
143700,35
143760,35
143820,36
143880,37
143940,37
144000,37
144060,38
144120,38
144180,38
144240,38
144300,38
144360,38
144420,38
144480,38
144540,38
144600,39
144660,39
144720,39
144780,38
144840,38
144900,37
144960,37
145020,37
145080,37
145140,37
145200,37
145260,37
145320,37
145380,37
145440,37
145500,37
145560,36
145620,36
145680,36
145740,36
145800,36
145860,37
145920,38
145980,38
146040,38
146100,38
146160,37
146220,37
146280,37
146340,37
146400,37
146460,37
146520,37
146580,37
146640,37
146700,36
146760,35
146820,35
146880,35
146940,35
147000,35
147060,35
147120,35
147180,36
147240,36
147300,36
147360,36
147420,36
147480,36
147540,36
147600,36
147660,35
147720,35
147780,34
147840,33
147900,33
147960,33
148020,32
148080,30
148140,28
148200,28
148260,28
148320,29
148380,28
148440,28
148500,27
148560,28
148620,27
148680,27
148740,27
148800,28
148860,28
148920,28
148980,26
149040,26
149100,26
149160,26
149220,26
149280,26
149340,27
149400,27
149460,27
149520,26
149580,26
149640,26
149700,27
149760,28
149820,27
149880,28
149940,28
150000,28
150060,28
150120,28
150180,30
150240,30
150300,30
150360,30
150420,30
150480,30
150540,31
150600,31
150660,32
150720,32
150780,32
150840,33
150900,33
150960,33
151020,33
151080,33
151140,33
151200,33
151260,33
151320,33
151380,33
151440,33
151500,33
151560,34
151620,34
151680,34
151740,35
151800,35
151860,35
151920,34
151980,34
152040,34
152100,36
152160,36
152220,36
152280,36
152340,36
152400,36
152460,36
152520,35
152580,34
152640,34
152700,34
152760,31
152820,30
152880,29
152940,28
153000,29
153060,29
153120,26
153180,26
153240,25
153300,24
153360,24
153420,23
153480,22
153540,22
153600,22
153660,21
153720,21
153780,21
153840,21
153900,21
153960,21
154020,21
154080,21
154140,21
154200,21
154260,19
154320,18
154380,17
154440,16
154500,15
154560,14
154620,14
154680,15
154740,15
154800,14
154860,14
154920,14
154980,14
155040,12
155100,12
155160,11
155220,9
155280,9
155340,9
155400,9
155460,8
155520,8
155580,8
155640,8
155700,8
155760,8
155820,8
155880,8
155940,8
156000,8
156060,8
156120,8
156180,8
156240,8
156300,8
156360,8
156420,8
156480,8
156540,8
156600,8
156660,8
156720,8
156780,7
156840,7
156900,7
156960,7
157020,7
157080,6
157140,6
157200,5
157260,5
157320,5
157380,5
157440,5
157500,5
157560,5
157620,5
157680,5
157740,5
157800,5
157860,5
157920,5
157980,5
158040,5
158100,5
158160,5
158220,5
158280,4
158340,3
158400,2
158460,2
158520,2
158580,2
158640,2
158700,2
158760,1
158820,1
158880,1
158940,1
159000,1
159060,0
159120,0
159180,0
159240,0
159300,0
159360,0
159420,0
159480,0
159540,0
159600,0
159660,0
159720,0
159780,0
159840,0
159900,0
159960,0
160020,0
160080,0
160140,0
160200,0
160260,0
160320,0
160380,0
160440,0
160500,0
160560,0
160620,0
160680,0
160740,0
160800,0
160860,0
160920,0
160980,0
161040,0
161100,0
161160,0
161220,0
161280,0
161340,0
161400,0
161460,0
161520,0
161580,0
161640,0
161700,0
161760,0
161820,0
161880,0
161940,0
162000,0
162060,0
162120,0
162180,0
162240,0
162300,0
162360,0
162420,0
162480,0
162540,0
162600,0
162660,0
162720,0
162780,0
162840,0
162900,0
162960,0
163020,0
163080,0
163140,0
163200,0
163260,0
163320,0
163380,0
163440,0
163500,0
163560,0
163620,0
163680,0
163740,0
163800,0
163860,0
163920,0
163980,0
164040,0
164100,0
164160,0
164220,0
164280,0
164340,0
164400,0
164460,0
164520,0
164580,0
164640,0
164700,0
164760,0
164820,0
164880,0
164940,0
165000,0
165060,0
165120,0
165180,0
165240,0
165300,0
165360,0
165420,0
165480,0
165540,0
165600,0
165660,0
165720,0
165780,0
165840,0
165900,0
165960,0
166020,0
166080,0
166140,0
166200,0
166260,0
166320,0
166380,0
166440,0
166500,0
166560,0
166620,0
166680,0
166740,0
166800,0
166860,0
166920,0
166980,0
167040,0
167100,0
167160,0
167220,0
167280,0
167340,0
167400,0
167460,0
167520,0
167580,0
167640,0
167700,0
167760,0
167820,0
167880,0
167940,0
168000,0
168060,0
168120,0
168180,0
168240,0
168300,0
168360,0
168420,0
168480,0
168540,0
168600,0
168660,0
168720,0
168780,0
168840,0
168900,0
168960,0
169020,0
169080,0
169140,0
169200,0
169260,0
169320,0
169380,0
169440,0
169500,0
169560,0
169620,0
169680,0
169740,0
169800,0
169860,0
169920,0
169980,0
170040,0
170100,0
170160,0
170220,0
170280,0
170340,0
170400,0
170460,0
170520,0
170580,0
170640,0
170700,0
170760,0
170820,0
170880,0
170940,0
171000,0
171060,0
171120,0
171180,0
171240,0
171300,0
171360,0
171420,0
171480,0
171540,0
171600,0
171660,0
171720,0
171780,0
171840,0
171900,0
171960,0
172020,0
172080,0
172140,0
172200,0
172260,0
172320,0
172380,0
172440,0
172500,0
172560,0
172620,0
172680,0
172740,0
172800,0
172860,0
172920,0
172980,0
173040,0
173100,0
173160,0
173220,0
173280,0
173340,0
173400,0
173460,0
173520,0
173580,0
173640,0
173700,0
173760,0
173820,0
173880,0
173940,0
174000,0
174060,0
174120,0
174180,0
174240,0
174300,0
174360,0
174420,0
174480,0
174540,0
174600,0
174660,0
174720,0
174780,0
174840,0
174900,0
174960,0
175020,0
175080,0
175140,0
175200,0
175260,0
175320,0
175380,0
175440,0
175500,0
175560,0
175620,0
175680,0
175740,0
175800,0
175860,0
175920,0
175980,0
176040,0
176100,0
176160,0
176220,0
176280,0
176340,0
176400,0
176460,0
176520,0
176580,0
176640,0
176700,0
176760,0
176820,0
176880,0
176940,0
177000,0
177060,0
177120,0
177180,0
177240,0
177300,0
177360,0
177420,0
177480,0
177540,0
177600,0
177660,0
177720,0
177780,0
177840,0
177900,0
177960,0
178020,0
178080,0
178140,0
178200,0
178260,0
178320,0
178380,0
178440,0
178500,0
178560,0
178620,0
178680,0
178740,0
178800,0
178860,0
178920,0
178980,0
179040,0
179100,0
179160,0
179220,0
179280,0
179340,0
179400,0
179460,0
179520,0
179580,0
179640,0
179700,0
179760,0
179820,0
179880,0
179940,0
180000,0
180060,0
180120,0
180180,0
180240,0
180300,0
180360,0
180420,0
180480,0
180540,0
180600,0
180660,0
180720,0
180780,0
180840,0
180900,0
180960,0
181020,0
181080,0
181140,0
181200,0
181260,0
181320,0
181380,0
181440,0
181500,0
181560,0
181620,0
181680,0
181740,0
181800,0
181860,0
181920,0
181980,0
182040,0
182100,0
182160,0
182220,0
182280,0
182340,0
182400,0
182460,0
182520,0
182580,0
182640,0
182700,0
182760,0
182820,0
182880,0
182940,0
183000,0
183060,0
183120,0
183180,0
183240,0
183300,0
183360,0
183420,0
183480,0
183540,0
183600,0
183660,0
183720,0
183780,0
183840,0
183900,0
183960,0
184020,0
184080,0
184140,0
184200,0
184260,0
184320,0
184380,0
184440,0
184500,0
184560,0
184620,0
184680,0
184740,0
184800,0
184860,0
184920,0
184980,0
185040,0
185100,0
185160,0
185220,0
185280,0
185340,0
185400,0
185460,0
185520,0
185580,0
185640,0
185700,0
185760,0
185820,0
185880,0
185940,0
186000,0
186060,0
186120,0
186180,0
186240,0
186300,0
186360,0
186420,0
186480,0
186540,0
186600,0
186660,0
186720,0
186780,0
186840,0
186900,0
186960,0
187020,0
187080,0
187140,0
187200,0
187260,0
187320,0
187380,0
187440,0
187500,0
187560,0
187620,0
187680,0
187740,0
187800,0
187860,0
187920,0
187980,0
188040,0
188100,0
188160,0
188220,0
188280,0
188340,0
188400,0
188460,0
188520,0
188580,0
188640,0
188700,0
188760,0
188820,0
188880,0
188940,0
189000,0
189060,0
189120,0
189180,0
189240,0
189300,0
189360,0
189420,0
189480,0
189540,0
189600,0
189660,0
189720,0
189780,0
189840,0
189900,0
189960,0
190020,0
190080,0
190140,0
190200,0
190260,0
190320,0
190380,0
190440,0
190500,0
190560,0
190620,0
190680,0
190740,0
190800,0
190860,0
190920,0
190980,0
191040,0
191100,0
191160,0
191220,0
191280,0
191340,0
191400,0
191460,0
191520,0
191580,0
191640,0
191700,0
191760,0
191820,0
191880,0
191940,0
192000,0
192060,0
192120,0
192180,0
192240,0
192300,0
192360,0
192420,0
192480,0
192540,0
192600,0
192660,0
192720,0
192780,0
192840,0
192900,0
192960,0
193020,0
193080,0
193140,0
193200,0
193260,0
193320,0
193380,0
193440,0
193500,0
193560,0
193620,0
193680,0
193740,0
193800,0
193860,0
193920,0
193980,0
194040,0
194100,0
194160,0
194220,0
194280,0
194340,0
194400,0
194460,0
194520,0
194580,0
194640,0
194700,0
194760,0
194820,0
194880,0
194940,0
195000,0
195060,0
195120,0
195180,0
195240,0
195300,0
195360,0
195420,0
195480,0
195540,0
195600,0
195660,0
195720,0
195780,0
195840,0
195900,0
195960,0
196020,0
196080,0
196140,0
196200,0
196260,0
196320,0
196380,0
196440,0
196500,0
196560,0
196620,0
196680,0
196740,0
196800,0
196860,0
196920,0
196980,0
197040,0
197100,0
197160,0
197220,0
197280,0
197340,0
197400,0
197460,0
197520,0
197580,0
197640,0
197700,0
197760,0
197820,0
197880,0
197940,0
198000,0
198060,0
198120,0
198180,0
198240,0
198300,0
198360,0
198420,0
198480,0
198540,0
198600,0
198660,0
198720,0
198780,0
198840,0
198900,0
198960,0
199020,0
199080,0
199140,0
199200,0
199260,0
199320,0
199380,0
199440,0
199500,0
199560,0
199620,0
199680,0
199740,0
199800,0
199860,0
199920,0
199980,0
200040,0
200100,0
200160,0
200220,0
200280,0
200340,0
200400,0
200460,0
200520,0
200580,0
200640,0
200700,0
200760,0
200820,0
200880,0
200940,0
201000,0
201060,0
201120,0
201180,0
201240,0
201300,0
201360,0
201420,0
201480,0
201540,0
201600,0
201660,0
201720,0
201780,0
201840,0
201900,0
201960,0
202020,0
202080,0
202140,0
202200,0
202260,0
202320,0
202380,0
202440,0
202500,0
202560,0
202620,0
202680,0
202740,0
202800,0
202860,0
202920,0
202980,1
203040,1
203100,2
203160,3
203220,3
203280,3
203340,3
203400,3
203460,3
203520,3
203580,3
203640,3
203700,3
203760,3
203820,3
203880,3
203940,3
204000,3
204060,3
204120,3
204180,3
204240,3
204300,3
204360,4
204420,4
204480,4
204540,4
204600,6
204660,7
204720,7
204780,7
204840,8
204900,9
204960,10
205020,12
205080,14
205140,14
205200,15
205260,15
205320,16
205380,16
205440,18
205500,18
205560,19
205620,19
205680,19
205740,19
205800,19
205860,19
205920,19
205980,19
206040,19
206100,19
206160,19
206220,19
206280,19
206340,19
206400,19
206460,20
206520,20
206580,20
206640,20
206700,21
206760,22
206820,24
206880,26
206940,27
207000,28
207060,28
207120,30
207180,30
207240,30
207300,31
207360,31
207420,31
207480,32
207540,32
207600,32
207660,32
207720,32
207780,32
207840,32
207900,32
207960,31
208020,31
208080,31
208140,31
208200,31
208260,31
208320,30
208380,30
208440,30
208500,30
208560,30
208620,30
208680,30
208740,30
208800,30
208860,31
208920,33
208980,33
209040,33
209100,33
209160,33
209220,33
209280,33
209340,33
209400,34
209460,34
209520,34
209580,34
209640,34
209700,34
209760,34
209820,33
209880,33
209940,33
210000,33
210060,32
210120,31
210180,31
210240,31
210300,31
210360,31
210420,30
210480,31
210540,32
210600,32
210660,32
210720,34
210780,34
210840,34
210900,34
210960,34
211020,34
211080,35
211140,35
211200,36
211260,36
211320,37
211380,39
211440,39
211500,38
211560,40
211620,38
211680,38
211740,38
211800,38
211860,39
211920,40
211980,40
212040,40
212100,40
212160,40
212220,40
212280,40
212340,39
212400,39
212460,39
212520,39
212580,40
212640,40
212700,40
212760,41
212820,41
212880,41
212940,41
213000,41
213060,41
213120,41
213180,41
213240,41
213300,41
213360,41
213420,41
213480,41
213540,41
213600,40
213660,40
213720,40
213780,40
213840,39
213900,39
213960,39
214020,40
214080,40
214140,40
214200,39
214260,39
214320,39
214380,39
214440,39
214500,41
214560,41
214620,42
214680,41
214740,41
214800,41
214860,40
214920,40
214980,40
215040,40
215100,41
215160,41
215220,41
215280,40
215340,40
215400,40
215460,40
215520,41
215580,40
215640,40
215700,40
215760,40
215820,40
215880,40
215940,40
216000,41
216060,41
216120,41
216180,40
216240,40
216300,40
216360,41
216420,41
216480,41
216540,41
216600,41
216660,40
216720,40
216780,39
216840,40
216900,40
216960,40
217020,40
217080,41
217140,41
217200,41
217260,40
217320,39
217380,38
217440,38
217500,39
217560,39
217620,39
217680,39
217740,39
217800,39
217860,39
217920,39
217980,38
218040,38
218100,38
218160,37
218220,37
218280,36
218340,35
218400,33
218460,34
218520,34
218580,34
218640,34
218700,33
218760,31
218820,31
218880,31
218940,31
219000,31
219060,32
219120,34
219180,33
219240,33
219300,33
219360,33
219420,33
219480,33
219540,33
219600,32
219660,32
219720,32
219780,33
219840,33
219900,31
219960,31
220020,30
220080,29
220140,29
220200,28
220260,27
220320,27
220380,25
220440,25
220500,23
220560,21
220620,21
220680,18
220740,18
220800,17
220860,16
220920,16
220980,14
221040,13
221100,12
221160,12
221220,12
221280,11
221340,10
221400,10
221460,10
221520,9
221580,8
221640,8
221700,7
221760,7
221820,7
221880,7
221940,7
222000,8
222060,8
222120,8
222180,7
222240,8
222300,6
222360,7
222420,7
222480,7
222540,7
222600,7
222660,8
222720,8
222780,7
222840,9
222900,10
222960,11
223020,13
223080,14
223140,13
223200,14
223260,13
223320,13
223380,14
223440,13
223500,14
223560,15
223620,15
223680,15
223740,14
223800,14
223860,15
223920,15
223980,15
224040,15
224100,15
224160,15
224220,15
224280,15
224340,15
224400,15
224460,15
224520,17
224580,17
224640,17
224700,18
224760,18
224820,18
224880,19
224940,20
225000,20
225060,20
225120,20
225180,20
225240,19
225300,19
225360,20
225420,22
225480,22
225540,22
225600,22
225660,22
225720,24
225780,24
225840,24
225900,23
225960,23
226020,25
226080,25
226140,24
226200,26
226260,27
226320,28
226380,28
226440,28
226500,28
226560,28
226620,28
226680,29
226740,29
226800,30
226860,31
226920,31
226980,31
227040,31
227100,31
227160,31
227220,31
227280,32
227340,32
227400,33
227460,33
227520,33
227580,34
227640,35
227700,35
227760,35
227820,35
227880,35
227940,36
228000,36
228060,35
228120,35
228180,35
228240,35
228300,35
228360,35
228420,35
228480,35
228540,35
228600,35
228660,36
228720,36
228780,36
228840,36
228900,35
228960,36
229020,35
229080,35
229140,35
229200,36
229260,36
229320,36
229380,36
229440,36
229500,36
229560,36
229620,35
229680,35
229740,34
229800,34
229860,35
229920,35
229980,35
230040,35
230100,35
230160,35
230220,35
230280,35
230340,35
230400,35
230460,34
230520,34
230580,34
230640,35
230700,35
230760,36
230820,36
230880,37
230940,36
231000,37
231060,36
231120,36
231180,37
231240,37
231300,37
231360,36
231420,36
231480,36
231540,36
231600,36
231660,36
231720,36
231780,37
231840,37
231900,38
231960,37
232020,37
232080,37
232140,36
232200,36
232260,36
232320,36
232380,36
232440,36
232500,36
232560,36
232620,36
232680,36
232740,36
232800,36
232860,37
232920,37
232980,37
233040,37
233100,37
233160,37
233220,38
233280,39
233340,39
233400,38
233460,37
233520,37
233580,36
233640,36
233700,36
233760,36
233820,34
233880,34
233940,34
234000,33
234060,33
234120,33
234180,34
234240,34
234300,34
234360,35
234420,35
234480,35
234540,34
234600,34
234660,34
234720,34
234780,34
234840,34
234900,34
234960,36
235020,36
235080,36
235140,36
235200,36
235260,37
235320,37
235380,36
235440,36
235500,36
235560,36
235620,36
235680,36
235740,36
235800,36
235860,36
235920,37
235980,37
236040,37
236100,37
236160,37
236220,37
236280,37
236340,36
236400,36
236460,36
236520,35
236580,36
236640,36
236700,36
236760,36
236820,36
236880,36
236940,36
237000,36
237060,36
237120,35
237180,36
237240,36
237300,36
237360,36
237420,36
237480,36
237540,36
237600,36
237660,35
237720,35
237780,35
237840,34
237900,34
237960,34
238020,34
238080,34
238140,34
238200,34
238260,34
238320,34
238380,35
238440,35
238500,36
238560,36
238620,36
238680,36
238740,36
238800,36
238860,36
238920,34
238980,33
239040,32
239100,32
239160,32
239220,33
239280,33
239340,34
239400,35
239460,33
239520,32
239580,32
239640,30
239700,29
239760,28
239820,28
239880,27
239940,27
240000,28
240060,29
240120,29
240180,29
240240,29
240300,29
240360,29
240420,28
240480,28
240540,27
240600,27
240660,27
240720,28
240780,27
240840,27
240900,27
240960,26
241020,25
241080,24
241140,24
241200,23
241260,22
241320,22
241380,22
241440,23
241500,23
241560,23
241620,22
241680,22
241740,22
241800,22
241860,21
241920,21
241980,21
242040,20
242100,20
242160,20
242220,20
242280,19
242340,19
242400,19
242460,19
242520,19
242580,17
242640,16
242700,16
242760,16
242820,15
242880,15
242940,15
243000,15
243060,15
243120,15
243180,14
243240,14
243300,14
243360,12
243420,12
243480,11
243540,10
243600,9
243660,9
243720,9
243780,9
243840,9
243900,9
243960,9
244020,9
244080,9
244140,9
244200,9
244260,9
244320,8
244380,8
244440,7
244500,7
244560,7
244620,7
244680,6
244740,4
244800,4
244860,4
244920,3
244980,2
245040,2
245100,2
245160,1
245220,1
245280,1
245340,1
245400,0
245460,0
245520,0
245580,0
245640,0
245700,0
245760,0
245820,0
245880,0
245940,0
246000,0
246060,0
246120,0
246180,0
246240,0
246300,0
246360,0
246420,0
246480,0
246540,0
246600,0
246660,0
246720,0
246780,0
246840,0
246900,0
246960,0
247020,0
247080,0
247140,0
247200,0
247260,0
247320,0
247380,0
247440,0
247500,0
247560,0
247620,0
247680,0
247740,0
247800,0
247860,0
247920,0
247980,0
248040,0
248100,0
248160,0
248220,0
248280,0
248340,0
248400,0
248460,0
248520,0
248580,0
248640,0
248700,0
248760,0
248820,0
248880,0
248940,0
249000,0
249060,0
249120,0
249180,0
249240,0
249300,0
249360,0
249420,0
249480,0
249540,0
249600,0
249660,0
249720,0
249780,0
249840,0
249900,0
249960,0
250020,0
250080,0
250140,0
250200,0
250260,0
250320,0
250380,0
250440,0
250500,0
250560,0
250620,0
250680,0
250740,0
250800,0
250860,0
250920,0
250980,0
251040,0
251100,0
251160,0
251220,0
251280,0
251340,0
251400,0
251460,0
251520,0
251580,0
251640,0
251700,0
251760,0
251820,0
251880,0
251940,0
252000,0
252060,0
252120,0
252180,0
252240,0
252300,0
252360,0
252420,0
252480,0
252540,0
252600,0
252660,0
252720,0
252780,0
252840,0
252900,0
252960,0
253020,0
253080,0
253140,0
253200,0
253260,0
253320,0
253380,0
253440,0
253500,0
253560,0
253620,0
253680,0
253740,0
253800,0
253860,0
253920,0
253980,0
254040,0
254100,0
254160,0
254220,0
254280,0
254340,0
254400,0
254460,0
254520,0
254580,0
254640,0
254700,0
254760,0
254820,0
254880,0
254940,0
255000,0
255060,0
255120,0
255180,0
255240,0
255300,0
255360,0
255420,0
255480,0
255540,0
255600,0
255660,0
255720,0
255780,0
255840,0
255900,0
255960,0
256020,0
256080,0
256140,0
256200,0
256260,0
256320,0
256380,0
256440,0
256500,0
256560,0
256620,0
256680,0
256740,0
256800,0
256860,0
256920,0
256980,0
257040,0
257100,0
257160,0
257220,0
257280,0
257340,0
257400,0
257460,0
257520,0
257580,0
257640,0
257700,0
257760,0
257820,0
257880,0
257940,0
258000,0
258060,0
258120,0
258180,0
258240,0
258300,0
258360,0
258420,0
258480,0
258540,0
258600,0
258660,0
258720,0
258780,0
258840,0
258900,0
258960,0
259020,0
259080,0
259140,0
259200,0
259260,0
259320,0
259380,0
259440,0
259500,0
259560,0
259620,0
259680,0
259740,0
259800,0
259860,0
259920,0
259980,0
260040,0
260100,0
260160,0
260220,0
260280,0
260340,0
260400,0
260460,0
260520,0
260580,0
260640,0
260700,0
260760,0
260820,0
260880,0
260940,0
261000,0
261060,0
261120,0
261180,0
261240,0
261300,0
261360,0
261420,0
261480,0
261540,0
261600,0
261660,0
261720,0
261780,0
261840,0
261900,0
261960,0
262020,0
262080,0
262140,0
262200,0
262260,0
262320,0
262380,0
262440,0
262500,0
262560,0
262620,0
262680,0
262740,0
262800,0
262860,0
262920,0
262980,0
263040,0
263100,0
263160,0
263220,0
263280,0
263340,0
263400,0
263460,0
263520,0
263580,0
263640,0
263700,0
263760,0
263820,0
263880,0
263940,0
264000,0
264060,0
264120,0
264180,0
264240,0
264300,0
264360,0
264420,0
264480,0
264540,0
264600,0
264660,0
264720,0
264780,0
264840,0
264900,0
264960,0
265020,0
265080,0
265140,0
265200,0
265260,0
265320,0
265380,0
265440,0
265500,0
265560,0
265620,0
265680,0
265740,0
265800,0
265860,0
265920,0
265980,0
266040,0
266100,0
266160,0
266220,0
266280,0
266340,0
266400,0
266460,0
266520,0
266580,0
266640,0
266700,0
266760,0
266820,0
266880,0
266940,0
267000,0
267060,0
267120,0
267180,0
267240,0
267300,0
267360,0
267420,0
267480,0
267540,0
267600,0
267660,0
267720,0
267780,0
267840,0
267900,0
267960,0
268020,0
268080,0
268140,0
268200,0
268260,0
268320,0
268380,0
268440,0
268500,0
268560,0
268620,0
268680,0
268740,0
268800,0
268860,0
268920,0
268980,0
269040,0
269100,0
269160,0
269220,0
269280,0
269340,0
269400,0
269460,0
269520,0
269580,0
269640,0
269700,0
269760,0
269820,0
269880,0
269940,0
270000,0
270060,0
270120,0
270180,0
270240,0
270300,0
270360,0
270420,0
270480,0
270540,0
270600,0
270660,0
270720,0
270780,0
270840,0
270900,0
270960,0
271020,0
271080,0
271140,0
271200,0
271260,0
271320,0
271380,0
271440,0
271500,0
271560,0
271620,0
271680,0
271740,0
271800,0
271860,0
271920,0
271980,0
272040,0
272100,0
272160,0
272220,0
272280,0
272340,0
272400,0
272460,0
272520,0
272580,0
272640,0
272700,0
272760,0
272820,0
272880,0
272940,0
273000,0
273060,0
273120,0
273180,0
273240,0
273300,0
273360,0
273420,0
273480,0
273540,0
273600,0
273660,0
273720,0
273780,0
273840,0
273900,0
273960,0
274020,0
274080,0
274140,0
274200,0
274260,0
274320,0
274380,0
274440,0
274500,0
274560,0
274620,0
274680,0
274740,0
274800,0
274860,0
274920,0
274980,0
275040,0
275100,0
275160,0
275220,0
275280,0
275340,0
275400,0
275460,0
275520,0
275580,0
275640,0
275700,0
275760,0
275820,0
275880,0
275940,0
276000,0
276060,0
276120,0
276180,0
276240,0
276300,0
276360,0
276420,0
276480,0
276540,0
276600,0
276660,0
276720,0
276780,0
276840,0
276900,0
276960,0
277020,0
277080,0
277140,0
277200,0
277260,0
277320,0
277380,0
277440,0
277500,0
277560,0
277620,0
277680,0
277740,0
277800,0
277860,0
277920,0
277980,0
278040,0
278100,0
278160,0
278220,0
278280,0
278340,0
278400,0
278460,0
278520,0
278580,0
278640,0
278700,0
278760,0
278820,0
278880,0
278940,0
279000,0
279060,0
279120,0
279180,0
279240,0
279300,0
279360,0
279420,0
279480,0
279540,0
279600,0
279660,0
279720,0
279780,0
279840,0
279900,0
279960,0
280020,0
280080,0
280140,0
280200,0
280260,0
280320,0
280380,0
280440,0
280500,0
280560,0
280620,0
280680,0
280740,0
280800,0
280860,0
280920,0
280980,0
281040,0
281100,0
281160,0
281220,0
281280,0
281340,0
281400,0
281460,0
281520,0
281580,0
281640,0
281700,0
281760,0
281820,0
281880,0
281940,0
282000,0
282060,0
282120,0
282180,0
282240,0
282300,0
282360,0
282420,0
282480,0
282540,0
282600,0
282660,0
282720,0
282780,0
282840,0
282900,0
282960,0
283020,0
283080,0
283140,0
283200,0
283260,0
283320,0
283380,0
283440,0
283500,0
283560,0
283620,0
283680,0
283740,0
283800,0
283860,0
283920,0
283980,0
284040,0
284100,0
284160,0
284220,0
284280,0
284340,0
284400,0
284460,0
284520,0
284580,0
284640,0
284700,0
284760,0
284820,0
284880,0
284940,0
285000,0
285060,0
285120,0
285180,0
285240,0
285300,0
285360,0
285420,0
285480,0
285540,0
285600,0
285660,0
285720,0
285780,0
285840,0
285900,0
285960,0
286020,0
286080,0
286140,0
286200,0
286260,0
286320,0
286380,0
286440,0
286500,0
286560,0
286620,0
286680,0
286740,0
286800,0
286860,0
286920,0
286980,0
287040,0
287100,0
287160,0
287220,0
287280,0
287340,0
287400,0
287460,0
287520,0
287580,0
287640,0
287700,0
287760,0
287820,0
287880,0
287940,0
288000,0
288060,0
288120,0
288180,0
288240,0
288300,0
288360,0
288420,0
288480,0
288540,0
288600,0
288660,0
288720,0
288780,0
288840,0
288900,0
288960,0
289020,0
289080,0
289140,0
289200,0
289260,0
289320,0
289380,1
289440,1
289500,1
289560,1
289620,1
289680,1
289740,1
289800,1
289860,1
289920,1
289980,1
290040,1
290100,1
290160,1
290220,1
290280,1
290340,1
290400,1
290460,1
290520,1
290580,1
290640,1
290700,1
290760,2
290820,2
290880,2
290940,3
291000,4
291060,4
291120,5
291180,7
291240,9
291300,11
291360,13
291420,15
291480,17
291540,17
291600,17
291660,17
291720,18
291780,19
291840,20
291900,20
291960,22
292020,23
292080,23
292140,23
292200,25
292260,25
292320,25
292380,25
292440,25
292500,25
292560,25
292620,25
292680,25
292740,25
292800,25
292860,25
292920,25
292980,25
293040,25
293100,25
293160,25
293220,25
293280,25
293340,26
293400,26
293460,26
293520,26
293580,26
293640,27
293700,27
293760,29
293820,29
293880,30
293940,30
294000,30
294060,30
294120,30
294180,30
294240,30
294300,30
294360,30
294420,30
294480,30
294540,30
294600,30
294660,30
294720,30
294780,30
294840,32
294900,32
294960,32
295020,32
295080,32
295140,31
295200,31
295260,33
295320,36
295380,36
295440,38
295500,38
295560,38
295620,38
295680,38
295740,37
295800,38
295860,39
295920,39
295980,39
296040,39
296100,39
296160,38
296220,38
296280,38
296340,38
296400,37
296460,38
296520,39
296580,40
296640,40
296700,39
296760,39
296820,39
296880,38
296940,39
297000,39
297060,41
297120,41
297180,41
297240,40
297300,40
297360,41
297420,39
297480,39
297540,39
297600,39
297660,39
297720,39
297780,39
297840,39
297900,38
297960,38
298020,38
298080,38
298140,38
298200,39
298260,39
298320,39
298380,39
298440,39
298500,39
298560,40
298620,41
298680,41
298740,41
298800,41
298860,41
298920,41
298980,41
299040,41
299100,41
299160,41
299220,42
299280,43
299340,43
299400,43
299460,43
299520,43
299580,44
299640,44
299700,45
299760,45
299820,45
299880,45
299940,43
300000,42
300060,42
300120,42
300180,42
300240,42
300300,41
300360,41
300420,41
300480,41
300540,41
300600,40
300660,40
300720,40
300780,39
300840,39
300900,39
300960,38
301020,38
301080,36
301140,34
301200,34
301260,33
301320,33
301380,32
301440,32
301500,32
301560,31
301620,30
301680,29
301740,29
301800,28
301860,28
301920,29
301980,30
302040,29
302100,29
302160,29
302220,29
302280,30
302340,30
302400,30
302460,30
302520,31
302580,31
302640,31
302700,33
302760,34
302820,34
302880,34
302940,34
303000,33
303060,35
303120,35
303180,35
303240,37
303300,37
303360,37
303420,36
303480,36
303540,36
303600,36
303660,35
303720,35
303780,35
303840,35
303900,35
303960,35
304020,35
304080,37
304140,37
304200,37
304260,36
304320,36
304380,35
304440,34
304500,34
304560,33
304620,32
304680,33
304740,32
304800,33
304860,33
304920,31
304980,30
305040,30
305100,30
305160,31
305220,31
305280,31
305340,31
305400,30
305460,30
305520,32
305580,29
305640,28
305700,29
305760,29
305820,29
305880,29
305940,30
306000,31
306060,31
306120,31
306180,31
306240,31
306300,30
306360,29
306420,30
306480,30
306540,29
306600,29
306660,26
306720,26
306780,25
306840,25
306900,25
306960,25
307020,26
307080,25
307140,25
307200,24
307260,24
307320,24
307380,24
307440,23
307500,22
307560,21
307620,20
307680,20
307740,19
307800,17
307860,17
307920,17
307980,17
308040,15
308100,15
308160,15
308220,14
308280,13
308340,13
308400,14
308460,13
308520,13
308580,13
308640,12
308700,12
308760,13
308820,12
308880,12
308940,12
309000,11
309060,10
309120,9
309180,9
309240,10
309300,9
309360,10
309420,11
309480,12
309540,12
309600,13
309660,13
309720,13
309780,13
309840,13
309900,13
309960,14
310020,14
310080,14
310140,15
310200,16
310260,16
310320,17
310380,17
310440,17
310500,17
310560,17
310620,18
310680,18
310740,19
310800,19
310860,21
310920,22
310980,22
311040,22
311100,22
311160,22
311220,22
311280,23
311340,23
311400,23
311460,22
311520,22
311580,22
311640,22
311700,23
311760,23
311820,25
311880,25
311940,25
312000,28
312060,28
312120,28
312180,28
312240,29
312300,29
312360,31
312420,31
312480,32
312540,32
312600,33
312660,33
312720,33
312780,32
312840,32
312900,32
312960,32
313020,32
313080,32
313140,32
313200,32
313260,33
313320,33
313380,33
313440,33
313500,33
313560,33
313620,34
313680,34
313740,34
313800,34
313860,35
313920,35
313980,35
314040,35
314100,35
314160,35
314220,35
314280,35
314340,35
314400,35
314460,35
314520,35
314580,35
314640,35
314700,36
314760,36
314820,37
314880,37
314940,37
315000,37
315060,38
315120,38
315180,38
315240,38
315300,38
315360,38
315420,38
315480,38
315540,38
315600,38
315660,38
315720,38
315780,38
315840,38
315900,38
315960,38
316020,38
316080,38
316140,38
316200,38
316260,37
316320,37
316380,38
316440,38
316500,39
316560,39
316620,39
316680,39
316740,39
316800,39
316860,40
316920,40
316980,40
317040,40
317100,40
317160,40
317220,39
317280,40
317340,40
317400,40
317460,39
317520,39
317580,38
317640,38
317700,36
317760,36
317820,36
317880,35
317940,35
318000,35
318060,34
318120,34
318180,34
318240,34
318300,34
318360,33
318420,33
318480,33
318540,33
318600,33
318660,33
318720,33
318780,33
318840,32
318900,33
318960,33
319020,33
319080,33
319140,33
319200,32
319260,32
319320,32
319380,33
319440,33
319500,34
319560,33
319620,33
319680,33
319740,33
319800,33
319860,33
319920,33
319980,33
320040,34
320100,34
320160,34
320220,34
320280,35
320340,35
320400,35
320460,35
320520,35
320580,34
320640,34
320700,35
320760,36
320820,35
320880,35
320940,35
321000,35
321060,34
321120,35
321180,35
321240,35
321300,35
321360,35
321420,35
321480,35
321540,35
321600,36
321660,36
321720,37
321780,37
321840,37
321900,37
321960,37
322020,37
322080,37
322140,37
322200,37
322260,37
322320,37
322380,37
322440,37
322500,38
322560,38
322620,38
322680,38
322740,39
322800,38
322860,38
322920,38
322980,39
323040,39
323100,39
323160,39
323220,39
323280,39
323340,39
323400,39
323460,39
323520,39
323580,38
323640,38
323700,38
323760,38
323820,38
323880,38
323940,39
324000,39
324060,38
324120,38
324180,38
324240,36
324300,36
324360,36
324420,36
324480,36
324540,36
324600,36
324660,35
324720,35
324780,35
324840,35
324900,34
324960,34
325020,34
325080,35
325140,35
325200,35
325260,34
325320,33
325380,33
325440,32
325500,32
325560,32
325620,31
325680,30
325740,29
325800,28
325860,27
325920,24
325980,25
326040,26
326100,25
326160,24
326220,24
326280,23
326340,22
326400,23
326460,23
326520,23
326580,22
326640,22
326700,22
326760,22
326820,22
326880,22
326940,22
327000,22
327060,21
327120,20
327180,19
327240,18
327300,18
327360,18
327420,17
327480,16
327540,16
327600,15
327660,14
327720,14
327780,14
327840,13
327900,13
327960,12
328020,12
328080,12
328140,12
328200,11
328260,11
328320,10
328380,10
328440,10
328500,10
328560,9
328620,9
328680,9
328740,9
328800,9
328860,9
328920,9
328980,9
329040,9
329100,9
329160,9
329220,9
329280,8
329340,8
329400,8
329460,8
329520,8
329580,8
329640,8
329700,8
329760,6
329820,5
329880,5
329940,5
330000,5
330060,4
330120,4
330180,4
330240,4
330300,4
330360,4
330420,4
330480,4
330540,4
330600,4
330660,4
330720,4
330780,4
330840,4
330900,4
330960,4
331020,3
331080,3
331140,3
331200,2
331260,2
331320,1
331380,1
331440,1
331500,1
331560,1
331620,1
331680,0
331740,0
331800,0
331860,0
331920,0
331980,0
332040,0
332100,0
332160,0
332220,0
332280,0
332340,0
332400,0
332460,0
332520,0
332580,0
332640,0
332700,0
332760,0
332820,0
332880,0
332940,0
333000,0
333060,0
333120,0
333180,0
333240,0
333300,0
333360,0
333420,0
333480,0
333540,0
333600,0
333660,0
333720,0
333780,0
333840,0
333900,0
333960,0
334020,0
334080,0
334140,0
334200,0
334260,0
334320,0
334380,0
334440,0
334500,0
334560,0
334620,0
334680,0
334740,0
334800,0
334860,0
334920,0
334980,0
335040,0
335100,0
335160,0
335220,0
335280,0
335340,0
335400,0
335460,0
335520,0
335580,0
335640,0
335700,0
335760,0
335820,0
335880,0
335940,0
336000,0
336060,0
336120,0
336180,0
336240,0
336300,0
336360,0
336420,0
336480,0
336540,0
336600,0
336660,0
336720,0
336780,0
336840,0
336900,0
336960,0
337020,0
337080,0
337140,0
337200,0
337260,0
337320,0
337380,0
337440,0
337500,0
337560,0
337620,0
337680,0
337740,0
337800,0
337860,0
337920,0
337980,0
338040,0
338100,0
338160,0
338220,0
338280,0
338340,0
338400,0
338460,0
338520,0
338580,0
338640,0
338700,0
338760,0
338820,0
338880,0
338940,0
339000,0
339060,0
339120,0
339180,0
339240,0
339300,0
339360,0
339420,0
339480,0
339540,0
339600,0
339660,0
339720,0
339780,0
339840,0
339900,0
339960,0
340020,0
340080,0
340140,0
340200,0
340260,0
340320,0
340380,0
340440,0
340500,0
340560,0
340620,0
340680,0
340740,0
340800,0
340860,0
340920,0
340980,0
341040,0
341100,0
341160,0
341220,0
341280,0
341340,0
341400,0
341460,0
341520,0
341580,0
341640,0
341700,0
341760,0
341820,0
341880,0
341940,0
342000,0
342060,0
342120,0
342180,0
342240,0
342300,0
342360,0
342420,0
342480,0
342540,0
342600,0
342660,0
342720,0
342780,0
342840,0
342900,0
342960,0
343020,0
343080,0
343140,0
343200,0
343260,0
343320,0
343380,0
343440,0
343500,0
343560,0
343620,0
343680,0
343740,0
343800,0
343860,0
343920,0
343980,0
344040,0
344100,0
344160,0
344220,0
344280,0
344340,0
344400,0
344460,0
344520,0
344580,0
344640,0
344700,0
344760,0
344820,0
344880,0
344940,0
345000,0
345060,0
345120,0
345180,0
345240,0
345300,0
345360,0
345420,0
345480,0
345540,0
345600,0
345660,0
345720,0
345780,0
345840,0
345900,0
345960,0
346020,0
346080,0
346140,0
346200,0
346260,0
346320,0
346380,0
346440,0
346500,0
346560,0
346620,0
346680,0
346740,0
346800,0
346860,0
346920,0
346980,0
347040,0
347100,0
347160,0
347220,0
347280,0
347340,0
347400,0
347460,0
347520,0
347580,0
347640,0
347700,0
347760,0
347820,0
347880,0
347940,0
348000,0
348060,0
348120,0
348180,0
348240,0
348300,0
348360,0
348420,0
348480,0
348540,0
348600,0
348660,0
348720,0
348780,0
348840,0
348900,0
348960,0
349020,0
349080,0
349140,0
349200,0
349260,0
349320,0
349380,0
349440,0
349500,0
349560,0
349620,0
349680,0
349740,0
349800,0
349860,0
349920,0
349980,0
350040,0
350100,0
350160,0
350220,0
350280,0
350340,0
350400,0
350460,0
350520,0
350580,0
350640,0
350700,0
350760,0
350820,0
350880,0
350940,0
351000,0
351060,0
351120,0
351180,0
351240,0
351300,0
351360,0
351420,0
351480,0
351540,0
351600,0
351660,0
351720,0
351780,0
351840,0
351900,0
351960,0
352020,0
352080,0
352140,0
352200,0
352260,0
352320,0
352380,0
352440,0
352500,0
352560,0
352620,0
352680,0
352740,0
352800,0
352860,0
352920,0
352980,0
353040,0
353100,0
353160,0
353220,0
353280,0
353340,0
353400,0
353460,0
353520,0
353580,0
353640,0
353700,0
353760,0
353820,0
353880,0
353940,0
354000,0
354060,0
354120,0
354180,0
354240,0
354300,0
354360,0
354420,0
354480,0
354540,0
354600,0
354660,0
354720,0
354780,0
354840,0
354900,0
354960,0
355020,0
355080,0
355140,0
355200,0
355260,0
355320,0
355380,0
355440,0
355500,0
355560,0
355620,0
355680,0
355740,0
355800,0
355860,0
355920,0
355980,0
356040,0
356100,0
356160,0
356220,0
356280,0
356340,0
356400,0
356460,0
356520,0
356580,0
356640,0
356700,0
356760,0
356820,0
356880,0
356940,0
357000,0
357060,0
357120,0
357180,0
357240,0
357300,0
357360,0
357420,0
357480,0
357540,0
357600,0
357660,0
357720,0
357780,0
357840,0
357900,0
357960,0
358020,0
358080,0
358140,0
358200,0
358260,0
358320,0
358380,0
358440,0
358500,0
358560,0
358620,0
358680,0
358740,0
358800,0
358860,0
358920,0
358980,0
359040,0
359100,0
359160,0
359220,0
359280,0
359340,0
359400,0
359460,0
359520,0
359580,0
359640,0
359700,0
359760,0
359820,0
359880,0
359940,0
360000,0
360060,0
360120,0
360180,0
360240,0
360300,0
360360,0
360420,0
360480,0
360540,0
360600,0
360660,0
360720,0
360780,0
360840,0
360900,0
360960,0
361020,0
361080,0
361140,0
361200,0
361260,0
361320,0
361380,0
361440,0
361500,0
361560,0
361620,0
361680,0
361740,0
361800,0
361860,0
361920,0
361980,0
362040,0
362100,0
362160,0
362220,0
362280,0
362340,0
362400,0
362460,0
362520,0
362580,0
362640,0
362700,0
362760,0
362820,0
362880,0
362940,0
363000,0
363060,0
363120,0
363180,0
363240,0
363300,0
363360,0
363420,0
363480,0
363540,0
363600,0
363660,0
363720,0
363780,0
363840,0
363900,0
363960,0
364020,0
364080,0
364140,0
364200,0
364260,0
364320,0
364380,0
364440,0
364500,0
364560,0
364620,0
364680,0
364740,0
364800,0
364860,0
364920,0
364980,0
365040,0
365100,0
365160,0
365220,0
365280,0
365340,0
365400,0
365460,0
365520,0
365580,0
365640,0
365700,0
365760,0
365820,0
365880,0
365940,0
366000,0
366060,0
366120,0
366180,0
366240,0
366300,0
366360,0
366420,0
366480,0
366540,0
366600,0
366660,0
366720,0
366780,0
366840,0
366900,0
366960,0
367020,0
367080,0
367140,0
367200,0
367260,0
367320,0
367380,0
367440,0
367500,0
367560,0
367620,0
367680,0
367740,0
367800,0
367860,0
367920,0
367980,0
368040,0
368100,0
368160,0
368220,0
368280,0
368340,0
368400,0
368460,0
368520,0
368580,0
368640,0
368700,0
368760,0
368820,0
368880,0
368940,0
369000,0
369060,0
369120,0
369180,0
369240,0
369300,0
369360,0
369420,0
369480,0
369540,0
369600,0
369660,0
369720,0
369780,0
369840,0
369900,0
369960,0
370020,0
370080,0
370140,0
370200,0
370260,0
370320,0
370380,0
370440,0
370500,0
370560,0
370620,0
370680,0
370740,0
370800,0
370860,0
370920,0
370980,0
371040,0
371100,0
371160,0
371220,0
371280,0
371340,0
371400,0
371460,0
371520,0
371580,0
371640,0
371700,0
371760,0
371820,0
371880,0
371940,0
372000,0
372060,0
372120,0
372180,0
372240,0
372300,0
372360,0
372420,0
372480,0
372540,0
372600,0
372660,0
372720,0
372780,0
372840,0
372900,0
372960,0
373020,0
373080,0
373140,0
373200,0
373260,0
373320,0
373380,0
373440,0
373500,0
373560,0
373620,0
373680,0
373740,0
373800,0
373860,0
373920,0
373980,0
374040,0
374100,0
374160,0
374220,0
374280,0
374340,0
374400,0
374460,0
374520,0
374580,0
374640,0
374700,0
374760,0
374820,0
374880,0
374940,0
375000,0
375060,0
375120,0
375180,0
375240,0
375300,0
375360,0
375420,0
375480,0
375540,0
375600,0
375660,0
375720,0
375780,1
375840,1
375900,2
375960,3
376020,3
376080,3
376140,3
376200,3
376260,3
376320,3
376380,3
376440,3
376500,3
376560,3
376620,3
376680,3
376740,3
376800,3
376860,3
376920,3
376980,3
377040,3
377100,3
377160,3
377220,3
377280,3
377340,4
377400,7
377460,7
377520,7
377580,8
377640,10
377700,11
377760,14
377820,16
377880,17
377940,17
378000,19
378060,19
378120,19
378180,19
378240,20
378300,20
378360,22
378420,22
378480,22
378540,22
378600,23
378660,23
378720,23
378780,23
378840,23
378900,23
378960,23
379020,23
379080,24
379140,24
379200,24
379260,24
379320,24
379380,25
379440,25
379500,26
379560,26
379620,26
379680,26
379740,27
379800,28
379860,28
379920,28
379980,28
380040,28
380100,28
380160,28
380220,28
380280,28
380340,29
380400,28
380460,28
380520,28
380580,28
380640,28
380700,28
380760,27
380820,27
380880,27
380940,27
381000,27
381060,27
381120,27
381180,27
381240,27
381300,27
381360,27
381420,27
381480,27
381540,29
381600,29
381660,30
381720,31
381780,31
381840,32
381900,32
381960,33
382020,33
382080,34
382140,32
382200,32
382260,32
382320,32
382380,32
382440,33
382500,31
382560,32
382620,31
382680,32
382740,32
382800,32
382860,33
382920,31
382980,31
383040,31
383100,31
383160,31
383220,32
383280,34
383340,33
383400,34
383460,35
383520,37
383580,37
383640,36
383700,36
383760,36
383820,35
383880,36
383940,37
384000,39
384060,39
384120,41
384180,41
384240,41
384300,41
384360,41
384420,41
384480,41
384540,41
384600,42
384660,42
384720,42
384780,43
384840,43
384900,43
384960,43
385020,43
385080,43
385140,43
385200,43
385260,43
385320,43
385380,43
385440,43
385500,43
385560,43
385620,43
385680,43
385740,43
385800,42
385860,42
385920,42
385980,42
386040,42
386100,43
386160,43
386220,43
386280,43
386340,43
386400,42
386460,41
386520,41
386580,41
386640,42
386700,41
386760,40
386820,40
386880,40
386940,40
387000,39
387060,39
387120,39
387180,39
387240,39
387300,39
387360,39
387420,38
387480,37
387540,37
387600,37
387660,37
387720,37
387780,37
387840,37
387900,37
387960,37
388020,37
388080,37
388140,37
388200,37
388260,38
388320,38
388380,39
388440,39
388500,39
388560,39
388620,39
388680,39
388740,39
388800,40
388860,41
388920,41
388980,39
389040,39
389100,39
389160,40
389220,39
389280,39
389340,39
389400,39
389460,38
389520,38
389580,39
389640,41
389700,41
389760,41
389820,41
389880,40
389940,40
390000,39
390060,35
390120,34
390180,34
390240,35
390300,34
390360,34
390420,34
390480,34
390540,34
390600,34
390660,34
390720,33
390780,33
390840,32
390900,32
390960,32
391020,33
391080,33
391140,33
391200,31
391260,29
391320,29
391380,28
391440,28
391500,28
391560,28
391620,28
391680,28
391740,27
391800,27
391860,26
391920,25
391980,26
392040,26
392100,26
392160,26
392220,25
392280,24
392340,24
392400,23
392460,22
392520,22
392580,22
392640,20
392700,19
392760,19
392820,19
392880,20
392940,20
393000,20
393060,19
393120,20
393180,21
393240,21
393300,21
393360,21
393420,21
393480,21
393540,21
393600,21
393660,21
393720,21
393780,20
393840,19
393900,17
393960,16
394020,16
394080,15
394140,14
394200,13
394260,11
394320,10
394380,9
394440,10
394500,10
394560,9
394620,9
394680,9
394740,9
394800,10
394860,9
394920,9
394980,8
395040,8
395100,8
395160,8
395220,8
395280,7
395340,7
395400,7
395460,8
395520,9
395580,9
395640,8
395700,9
395760,12
395820,14
395880,14
395940,13
396000,14
396060,13
396120,12
396180,13
396240,13
396300,13
396360,16
396420,16
396480,16
396540,17
396600,17
396660,17
396720,17
396780,17
396840,17
396900,17
396960,17
397020,18
397080,18
397140,18
397200,18
397260,19
397320,22
397380,23
397440,26
397500,26
397560,27
397620,27
397680,26
397740,26
397800,27
397860,27
397920,27
397980,27
398040,27
398100,27
398160,27
398220,27
398280,28
398340,28
398400,29
398460,29
398520,29
398580,29
398640,28
398700,28
398760,28
398820,28
398880,28
398940,28
399000,28
399060,28
399120,30
399180,30
399240,30
399300,30
399360,31
399420,31
399480,30
399540,30
399600,30
399660,31
399720,31
399780,31
399840,31
399900,31
399960,32
400020,32
400080,32
400140,32
400200,31
400260,31
400320,31
400380,31
400440,32
400500,32
400560,32
400620,32
400680,32
400740,32
400800,32
400860,32
400920,33
400980,33
401040,33
401100,33
401160,33
401220,33
401280,34
401340,34
401400,33
401460,32
401520,32
401580,32
401640,32
401700,33
401760,33
401820,34
401880,34
401940,34
402000,35
402060,35
402120,35
402180,35
402240,35
402300,35
402360,36
402420,35
402480,34
402540,34
402600,32
402660,33
402720,33
402780,33
402840,32
402900,33
402960,33
403020,33
403080,34
403140,33
403200,33
403260,35
403320,34
403380,36
403440,36
403500,37
403560,37
403620,36
403680,37
403740,37
403800,38
403860,38
403920,38
403980,38
404040,38
404100,37
404160,36
404220,36
404280,36
404340,36
404400,36
404460,36
404520,36
404580,36
404640,36
404700,36
404760,36
404820,37
404880,37
404940,37
405000,37
405060,37
405120,37
405180,37
405240,37
405300,37
405360,37
405420,37
405480,37
405540,37
405600,38
405660,38
405720,38
405780,38
405840,38
405900,37
405960,37
406020,37
406080,37
406140,37
406200,37
406260,37
406320,37
406380,37
406440,38
406500,38
406560,37
406620,37
406680,37
406740,37
406800,36
406860,36
406920,36
406980,36
407040,36
407100,36
407160,36
407220,36
407280,35
407340,35
407400,34
407460,33
407520,33
407580,33
407640,33
407700,34
407760,34
407820,33
407880,33
407940,33
408000,32
408060,31
408120,31
408180,31
408240,31
408300,32
408360,33
408420,33
408480,33
408540,33
408600,33
408660,33
408720,33
408780,32
408840,32
408900,31
408960,32
409020,32
409080,32
409140,32
409200,30
409260,30
409320,30
409380,30
409440,30
409500,31
409560,31
409620,31
409680,31
409740,31
409800,31
409860,31
409920,31
409980,31
410040,32
410100,32
410160,32
410220,33
410280,33
410340,33
410400,33
410460,35
410520,35
410580,33
410640,33
410700,33
410760,33
410820,33
410880,33
410940,32
411000,32
411060,32
411120,32
411180,32
411240,33
411300,33
411360,33
411420,32
411480,32
411540,32
411600,32
411660,32
411720,30
411780,30
411840,30
411900,30
411960,29
412020,30
412080,30
412140,28
412200,28
412260,29
412320,28
412380,27
412440,27
412500,26
412560,25
412620,25
412680,25
412740,25
412800,25
412860,25
412920,25
412980,25
413040,25
413100,25
413160,25
413220,25
413280,25
413340,25
413400,25
413460,24
413520,24
413580,22
413640,22
413700,22
413760,21
413820,21
413880,20
413940,21
414000,21
414060,19
414120,19
414180,19
414240,19
414300,18
414360,18
414420,17
414480,17
414540,17
414600,17
414660,15
414720,14
414780,13
414840,13
414900,13
414960,13
415020,13
415080,13
415140,13
415200,13
415260,13
415320,13
415380,13
415440,13
415500,13
415560,12
415620,11
415680,11
415740,9
415800,9
415860,9
415920,9
415980,9
416040,9
416100,9
416160,8
416220,8
416280,8
416340,7
416400,6
416460,6
416520,6
416580,6
416640,6
416700,6
416760,6
416820,6
416880,5
416940,5
417000,5
417060,5
417120,5
417180,4
417240,4
417300,4
417360,3
417420,3
417480,3
417540,3
417600,3
417660,3
417720,2
417780,2
417840,2
417900,2
417960,2
418020,2
418080,1
418140,1
418200,0
418260,0
418320,0
418380,0
418440,0
418500,0
418560,0
418620,0
418680,0
418740,0
418800,0
418860,0
418920,0
418980,0
419040,0
419100,0
419160,0
419220,0
419280,0
419340,0
419400,0
419460,0
419520,0
419580,0
419640,0
419700,0
419760,0
419820,0
419880,0
419940,0
420000,0
420060,0
420120,0
420180,0
420240,0
420300,0
420360,0
420420,0
420480,0
420540,0
420600,0
420660,0
420720,0
420780,0
420840,0
420900,0
420960,0
421020,0
421080,0
421140,0
421200,0
421260,0
421320,0
421380,0
421440,0
421500,0
421560,0
421620,0
421680,0
421740,0
421800,0
421860,0
421920,0
421980,0
422040,0
422100,0
422160,0
422220,0
422280,0
422340,0
422400,0
422460,0
422520,0
422580,0
422640,0
422700,0
422760,0
422820,0
422880,0
422940,0
423000,0
423060,0
423120,0
423180,0
423240,0
423300,0
423360,0
423420,0
423480,0
423540,0
423600,0
423660,0
423720,0
423780,0
423840,0
423900,0
423960,0
424020,0
424080,0
424140,0
424200,0
424260,0
424320,0
424380,0
424440,0
424500,0
424560,0
424620,0
424680,0
424740,0
424800,0
424860,0
424920,0
424980,0
425040,0
425100,0
425160,0
425220,0
425280,0
425340,0
425400,0
425460,0
425520,0
425580,0
425640,0
425700,0
425760,0
425820,0
425880,0
425940,0
426000,0
426060,0
426120,0
426180,0
426240,0
426300,0
426360,0
426420,0
426480,0
426540,0
426600,0
426660,0
426720,0
426780,0
426840,0
426900,0
426960,0
427020,0
427080,0
427140,0
427200,0
427260,0
427320,0
427380,0
427440,0
427500,0
427560,0
427620,0
427680,0
427740,0
427800,0
427860,0
427920,0
427980,0
428040,0
428100,0
428160,0
428220,0
428280,0
428340,0
428400,0
428460,0
428520,0
428580,0
428640,0
428700,0
428760,0
428820,0
428880,0
428940,0
429000,0
429060,0
429120,0
429180,0
429240,0
429300,0
429360,0
429420,0
429480,0
429540,0
429600,0
429660,0
429720,0
429780,0
429840,0
429900,0
429960,0
430020,0
430080,0
430140,0
430200,0
430260,0
430320,0
430380,0
430440,0
430500,0
430560,0
430620,0
430680,0
430740,0
430800,0
430860,0
430920,0
430980,0
431040,0
431100,0
431160,0
431220,0
431280,0
431340,0
431400,0
431460,0
431520,0
431580,0
431640,0
431700,0
431760,0
431820,0
431880,0
