sec,energy
0,0
60,0
120,0
180,0
240,0
300,0
360,0
420,0
480,0
540,0
600,0
660,0
720,0
780,0
840,0
900,0
960,0
1020,0
1080,0
1140,0
1200,0
1260,0
1320,0
1380,0
1440,0
1500,0
1560,0
1620,0
1680,0
1740,0
1800,0
1860,0
1920,0
1980,0
2040,0
2100,0
2160,0
2220,0
2280,0
2340,0
2400,0
2460,0
2520,0
2580,0
2640,0
2700,0
2760,0
2820,0
2880,0
2940,0
3000,0
3060,0
3120,0
3180,0
3240,0
3300,0
3360,0
3420,0
3480,0
3540,0
3600,0
3660,0
3720,0
3780,0
3840,0
3900,0
3960,0
4020,0
4080,0
4140,0
4200,0
4260,0
4320,0
4380,0
4440,0
4500,0
4560,0
4620,0
4680,0
4740,0
4800,0
4860,0
4920,0
4980,0
5040,0
5100,0
5160,0
5220,0
5280,0
5340,0
5400,0
5460,0
5520,0
5580,0
5640,0
5700,0
5760,0
5820,0
5880,0
5940,0
6000,0
6060,0
6120,0
6180,0
6240,0
6300,0
6360,0
6420,0
6480,0
6540,0
6600,0
6660,0
6720,0
6780,0
6840,0
6900,0
6960,0
7020,0
7080,0
7140,0
7200,0
7260,0
7320,0
7380,0
7440,0
7500,0
7560,0
7620,0
7680,0
7740,0
7800,0
7860,0
7920,0
7980,0
8040,0
8100,0
8160,0
8220,0
8280,0
8340,0
8400,0
8460,0
8520,0
8580,0
8640,0
8700,0
8760,0
8820,0
8880,0
8940,0
9000,0
9060,0
9120,0
9180,0
9240,0
9300,0
9360,0
9420,0
9480,0
9540,0
9600,0
9660,0
9720,0
9780,0
9840,0
9900,0
9960,0
10020,0
10080,0
10140,0
10200,0
10260,0
10320,0
10380,0
10440,0
10500,0
10560,0
10620,0
10680,0
10740,0
10800,0
10860,0
10920,0
10980,0
11040,0
11100,0
11160,0
11220,0
11280,0
11340,0
11400,0
11460,0
11520,0
11580,0
11640,0
11700,0
11760,0
11820,0
11880,0
11940,0
12000,0
12060,0
12120,0
12180,0
12240,0
12300,0
12360,0
12420,0
12480,0
12540,0
12600,0
12660,0
12720,0
12780,0
12840,0
12900,0
12960,0
13020,0
13080,0
13140,0
13200,0
13260,0
13320,0
13380,0
13440,0
13500,0
13560,0
13620,0
13680,0
13740,0
13800,0
13860,0
13920,0
13980,0
14040,0
14100,0
14160,0
14220,0
14280,0
14340,0
14400,0
14460,0
14520,0
14580,0
14640,0
14700,0
14760,0
14820,0
14880,0
14940,0
15000,0
15060,0
15120,0
15180,0
15240,0
15300,0
15360,0
15420,0
15480,0
15540,0
15600,0
15660,0
15720,0
15780,0
15840,0
15900,0
15960,0
16020,0
16080,0
16140,0
16200,0
16260,0
16320,0
16380,0
16440,0
16500,0
16560,0
16620,0
16680,0
16740,0
16800,0
16860,0
16920,0
16980,0
17040,0
17100,0
17160,0
17220,0
17280,0
17340,0
17400,0
17460,0
17520,0
17580,0
17640,0
17700,0
17760,0
17820,0
17880,0
17940,0
18000,0
18060,0
18120,0
18180,0
18240,0
18300,0
18360,0
18420,0
18480,0
18540,0
18600,0
18660,0
18720,0
18780,0
18840,0
18900,0
18960,0
19020,0
19080,0
19140,0
19200,0
19260,0
19320,0
19380,0
19440,0
19500,0
19560,0
19620,0
19680,0
19740,0
19800,0
19860,0
19920,0
19980,0
20040,0
20100,0
20160,0
20220,0
20280,0
20340,0
20400,0
20460,0
20520,0
20580,0
20640,0
20700,0
20760,0
20820,0
20880,0
20940,0
21000,0
21060,0
21120,0
21180,0
21240,0
21300,0
21360,0
21420,0
21480,0
21540,0
21600,0
21660,0
21720,0
21780,0
21840,0
21900,0
21960,0
22020,0
22080,0
22140,0
22200,0
22260,0
22320,0
22380,0
22440,0
22500,0
22560,0
22620,0
22680,0
22740,0
22800,0
22860,0
22920,0
22980,0
23040,0
23100,0
23160,0
23220,0
23280,0
23340,0
23400,0
23460,0
23520,0
23580,0
23640,0
23700,0
23760,0
23820,0
23880,0
23940,0
24000,0
24060,0
24120,0
24180,0
24240,0
24300,0
24360,0
24420,0
24480,0
24540,0
24600,0
24660,0
24720,0
24780,0
24840,0
24900,0
24960,0
25020,0
25080,0
25140,0
25200,0
25260,0
25320,0
25380,0
25440,0
25500,0
25560,0
25620,0
25680,0
25740,0
25800,0
25860,0
25920,0
25980,0
26040,0
26100,0
26160,0
26220,0
26280,0
26340,0
26400,0
26460,0
26520,0
26580,0
26640,0
26700,0
26760,0
26820,0
26880,0
26940,0
27000,0
27060,0
27120,0
27180,0
27240,0
27300,0
27360,0
27420,0
27480,0
27540,0
27600,0
27660,0
27720,0
27780,0
27840,0
27900,0
27960,0
28020,0
28080,0
28140,0
28200,0
28260,0
28320,0
28380,0
28440,0
28500,0
28560,0
28620,0
28680,0
28740,0
28800,0
28860,0
28920,0
28980,0
29040,0
29100,0
29160,0
29220,0
29280,0
29340,0
29400,0
29460,0
29520,0
29580,0
29640,0
29700,0
29760,0
29820,0
29880,0
29940,0
30000,0
30060,0
30120,0
30180,0
30240,0
30300,0
30360,0
30420,0
30480,0
30540,0
30600,0
30660,0
30720,0
30780,0
30840,0
30900,0
30960,0
31020,0
31080,0
31140,0
31200,0
31260,0
31320,0
31380,0
31440,0
31500,0
31560,0
31620,0
31680,432
31740,432
31800,432
31860,432
31920,432
31980,432
32040,864
32100,864
32160,864
32220,864
32280,864
32340,864
32400,864
32460,864
32520,864
32580,1296
32640,1296
32700,1803
32760,1803
32820,1803
32880,1803
32940,1803
33000,2310
33060,2817
33120,2817
33180,2892
33240,2967
33300,2967
33360,2967
33420,4131
33480,3699
33540,4206
33600,4713
33660,5220
33720,6666
33780,6666
33840,6816
33900,6816
33960,6816
34020,7248
34080,7755
34140,7830
34200,7830
34260,7980
34320,7980
34380,7980
34440,8412
34500,8412
34560,8487
34620,8994
34680,9069
34740,9069
34800,9933
34860,9933
34920,9651
34980,9726
35040,9801
35100,9801
35160,9951
35220,9951
35280,9951
35340,9951
35400,9519
35460,9519
35520,9519
35580,9519
35640,9519
35700,9519
35760,9594
35820,9669
35880,9669
35940,9669
36000,10101
36060,10533
36120,10533
36180,10533
36240,10608
36300,10608
36360,10608
36420,10608
36480,10608
36540,10608
36600,10536.0
36660,10536.0
36720,10968.0
36780,10968.0
36840,11043.0
36900,11403.0
36960,11403.0
37020,11046.0
37080,10614.0
37140,10974.0
37200,11052.0
37260,11052.0
37320,11052.0
37380,11844.0
37440,11700.0
37500,11196.0
37560,10689.0
37620,9831.0
37680,9759.0
37740,9687.0
37800,9255.0
37860,10044.0
37920,9900.0
37980,9900.0
38040,9471.0
38100,10404.0
38160,9969.0
38220,9465.0
38280,9393.0
38340,8958.0
38400,8880.0
38460,8880.0
38520,9309.0
38580,9231.0
38640,8796.0
38700,8793.0
38760,8868.0
38820,8865.0
38880,8859.0
38940,9219.0
39000,8784.0
39060,8784.0
39120,8784.0
39180,8781.0
39240,8778.0
39300,8778.0
39360,8775.0
39420,8775.0
39480,8775.0
39540,8847.0
39600,9279.0
39660,9279.0
39720,9279.0
39780,9279.0
39840,9279.0
39900,9276
39960,9276
40020,9783
40080,9858
40140,9858
40200,9933
40260,9576
40320,9576
40380,9504.0
40440,10011.0
40500,10011.0
40560,10086.0
40620,10086.0
40680,10086.0
40740,10878.0
40800,10806.0
40860,11388.0
40920,11316.0
40980,10884.0
41040,10452.0
41100,10455.0
41160,10023.0
41220,9519.0
41280,9594.0
41340,9666.0
41400,10098.0
41460,10101.0
41520,9669.0
41580,9672.0
41640,9240.0
41700,9744.0
41760,9741.0
41820,9816.0
41880,10752.0
41940,10752.0
42000,10902.0
42060,10974.0
42120,11838.0
42180,11691.0
42240,11259.0
42300,11766.0
42360,11766.0
42420,11763.0
42480,11763.0
42540,11688.0
42600,11331.0
42660,10827.0
42720,10827.0
42780,10827.0
42840,10395.0
42900,10395.0
42960,10827.0
43020,10827.0
43080,11259.0
43140,11328.0
43200,11478.0
43260,11553.0
43320,11628.0
43380,11628.0
43440,11703.0
43500,11268.0
43560,11775.0
43620,11772
43680,11772
43740,11772
43800,11772
43860,11772
43920,11700.0
43980,11700.0
44040,12132.0
44100,12060.0
44160,12060.0
44220,12060.0
44280,12063.0
44340,11991.0
44400,11634.0
44460,11634.0
44520,11634.0
44580,11202.0
44640,11634.0
44700,11130.0
44760,10626.0
44820,10554.0
44880,10551.0
44940,10983.0
45000,10983.0
45060,10980.0
45120,10980.0
45180,11412.0
45240,11484.0
45300,11124.0
45360,11052.0
45420,11487.0
45480,10911.0
45540,10839.0
45600,10410.0
45660,9903.0
45720,10332.0
45780,10329.0
45840,9972.0
45900,10404.0
45960,10404.0
46020,10836.0
46080,10836.0
46140,10836.0
46200,10764.0
46260,10764.0
46320,10836.0
46380,11268.0
46440,11694.0
46500,11691.0
46560,11187.0
46620,11184.0
46680,11040.0
46740,11040.0
46800,10608.0
46860,9747.0
46920,9750.0
46980,9750.0
47040,10110.0
47100,10110.0
47160,10107.0
47220,10107.0
47280,9246.0
47340,9171.0
47400,8739.0
47460,8016.0
47520,8445.0
47580,8445.0
47640,7293.0
47700,7221.0
47760,7221.0
47820,7218.0
47880,7215.0
47940,7215.0
48000,7071.0
48060,6639.0
48120,6639.0
48180,6639.0
48240,6204.0
48300,5697.0
48360,6489.0
48420,6837.0
48480,6258.0
48540,5754.0
48600,5322.0
48660,5751.0
48720,6111.0
48780,5175.0
48840,5607.0
48900,4599.0
48960,4521.0
49020,4521.0
49080,4521.0
49140,4305.0
49200,3873.0
49260,3870.0
49320,3867.0
49380,3792.0
49440,2922.0
49500,2919.0
49560,2919.0
49620,2919.0
49680,2916.0
49740,3345.0
49800,3345.0
49860,3414.0
49920,3411.0
49980,3411.0
50040,3411.0
50100,2970.0
50160,2898.0
50220,2898.0
50280,2898.0
50340,2823.0
50400,2391.0
50460,2391.0
50520,2391.0
50580,2391.0
50640,2391.0
50700,2319.0
50760,2319.0
50820,2319.0
50880,2319.0
50940,2319.0
51000,1887.0
51060,2394.0
51120,2391.0
51180,2466.0
51240,2466.0
51300,2463.0
51360,2463.0
51420,2970.0
51480,3477.0
51540,3477.0
51600,3477.0
51660,4488
51720,4416.0
51780,4059.0
51840,4059.0
51900,4566.0
51960,4566.0
52020,4494.0
52080,4494.0
52140,4569.0
52200,5076.0
52260,4644.0
52320,4719.0
52380,4719.0
52440,4794.0
52500,5301.0
52560,5301.0
52620,5301.0
52680,5730.0
52740,5730.0
52800,5730.0
52860,5805.0
52920,5805.0
52980,5802
53040,5877
53100,5877
53160,5880.0
53220,5880.0
53280,5880.0
53340,5955.0
53400,5955.0
53460,5955.0
53520,5955.0
53580,6030.0
53640,6105.0
53700,6180.0
53760,6180.0
53820,6612.0
53880,6612.0
53940,6687.0
54000,6687.0
54060,6687.0
54120,6684
54180,7116
54240,7548
54300,7623
54360,8055
54420,8055
54480,8130
54540,8058.0
54600,8565.0
54660,8565.0
54720,8640.0
54780,8640.0
54840,8715.0
54900,8283.0
54960,9147.0
55020,9147.0
55080,9579.0
55140,9579.0
55200,9447.0
55260,9447.0
55320,9447.0
55380,9447.0
55440,9450.0
55500,9090.0
55560,9090.0
55620,9522.0
55680,9522.0
55740,9450.0
55800,9450.0
55860,9600.0
55920,9600.0
55980,8811.0
56040,9750.0
56100,9750.0
56160,9750.0
56220,9750.0
56280,9750.0
56340,9750.0
56400,9390.0
56460,9390.0
56520,9390.0
56580,9390.0
56640,9390.0
56700,9387
56760,9387
56820,9819
56880,9819
56940,9462
57000,9462
57060,9462
57120,9894
57180,9822.0
57240,9897.0
57300,11121.0
57360,11481.0
57420,11127.0
57480,10695.0
57540,10695.0
57600,10983.0
57660,10551.0
57720,10407.0
57780,10839.0
57840,10410.0
57900,9978.0
57960,10482.0
58020,10482.0
58080,10914.0
58140,10479.0
58200,10050.0
58260,10479.0
58320,10476.0
58380,10473.0
58440,10041.0
58500,10041.0
58560,10038.0
58620,10038.0
58680,10032.0
58740,9960.0
58800,10389.0
58860,10389.0
58920,10032.0
58980,10032.0
59040,9675.0
59100,9603.0
59160,9600.0
59220,9600.0
59280,9168.0
59340,10032.0
59400,9960.0
59460,9171.0
59520,9171.0
59580,9603.0
59640,9603.0
59700,10032.0
59760,9960.0
59820,10392.0
59880,10320.0
59940,10320.0
60000,10248.0
60060,10245.0
60120,10245.0
60180,9813.0
60240,9813.0
60300,9813.0
60360,9810.0
60420,9810.0
60480,9810.0
60540,9810.0
60600,10242.0
60660,9810.0
60720,9807.0
60780,10671.0
60840,10596.0
60900,10164.0
60960,10161.0
61020,10161.0
61080,10593.0
61140,10521.0
61200,10089.0
61260,10521.0
61320,10449.0
61380,10017.0
61440,10017.0
61500,9945.0
61560,9945.0
61620,9945.0
61680,9945.0
61740,9945.0
61800,10302.0
61860,10158.0
61920,10158.0
61980,9726.0
62040,9726.0
62100,9723.0
62160,9219.0
62220,9219.0
62280,9648.0
62340,9576.0
62400,9576.0
62460,9216.0
62520,9213.0
62580,9213.0
62640,9213.0
62700,9645.0
62760,10074.0
62820,9927.0
62880,9495.0
62940,9495.0
63000,9138.0
63060,9066.0
63120,9063.0
63180,9138.0
63240,8706.0
63300,8703.0
63360,8703.0
63420,8778.0
63480,8778.0
63540,8778.0
63600,8778.0
63660,8778.0
63720,8778.0
63780,8772.0
63840,8772.0
63900,9204.0
63960,9204.0
64020,8844
64080,8844
64140,9351
64200,9783
64260,9426
64320,8994
64380,8994
64440,9426
64500,9501
64560,9501
64620,9501
64680,9144
64740,9144
64800,9219
64860,9579.0
64920,9579.0
64980,9147.0
65040,9075.0
65100,9507.0
65160,9507.0
65220,10014.0
65280,9585.0
65340,9153.0
65400,8721.0
65460,8721.0
65520,8796.0
65580,8796.0
65640,8796.0
65700,8796.0
65760,8724.0
65820,9153.0
65880,8721.0
65940,8364.0
66000,8793.0
66060,8721.0
66120,8364.0
66180,8364.0
66240,8793.0
66300,9153.0
66360,8796.0
66420,8871.0
66480,8871.0
66540,8871.0
66600,9159.0
66660,9087.0
66720,9012.0
66780,8580.0
66840,8580.0
66900,9300.0
66960,8796.0
67020,8793.0
67080,9156.0
67140,8220.0
67200,7716.0
67260,7281.0
67320,7281.0
67380,7209.0
67440,7137.0
67500,7137.0
67560,6699.0
67620,6771.0
67680,6771.0
67740,6846.0
67800,7353.0
67860,7779.0
67920,7776.0
67980,7344.0
68040,7338.0
68100,7335.0
68160,6828.0
68220,6831.0
68280,6759.0
68340,6756.0
68400,6753.0
68460,6681.0
68520,6681.0
68580,6609.0
68640,6174.0
68700,6102.0
68760,6102.0
68820,6102.0
68880,5670.0
68940,5670.0
69000,5598.0
69060,5526.0
69120,5523.0
69180,5019.0
69240,4944.0
69300,4941.0
69360,4509.0
69420,4434.0
69480,4002.0
69540,3999.0
69600,3999.0
69660,3996.0
69720,4431.0
69780,3999.0
69840,3999.0
69900,3999.0
69960,4071.0
70020,4068.0
70080,4068.0
70140,4065.0
70200,3990.0
70260,3990.0
70320,3558.0
70380,2619.0
70440,2475.0
70500,2475.0
70560,2475.0
70620,2475.0
70680,2472.0
70740,2472.0
70800,2472.0
70860,2472.0
70920,2472.0
70980,2040.0
71040,2040.0
71100,2472.0
71160,2469.0
71220,2469.0
71280,2469.0
71340,2463.0
71400,2460
71460,2460
71520,2460
71580,2460
71640,2028
71700,2028
71760,2028
71820,2028
71880,2028
71940,2028
72000,2460
72060,2388.0
72120,2388.0
72180,1524.0
72240,1020.0
72300,948.0
72360,948.0
72420,948.0
72480,948.0
72540,948.0
72600,948.0
72660,948.0
72720,948.0
72780,516.0
72840,444.0
72900,444.0
72960,444.0
73020,441.0
73080,441.0
73140,873.0
73200,870.0
73260,867.0
73320,867.0
73380,867.0
73440,867.0
73500,867.0
73560,867.0
73620,867.0
73680,867.0
73740,867.0
73800,864
73860,864
73920,864
73980,864
74040,864
74100,432
74160,432
74220,432
74280,432
74340,432
74400,432
74460,432
74520,432
74580,432
74640,432
74700,432
74760,432
74820,0
74880,0
74940,0
75000,0
75060,0
75120,0
75180,0
75240,0
75300,0
75360,0
75420,0
75480,0
75540,0
75600,0
75660,0
75720,0
75780,0
75840,0
75900,0
75960,0
76020,0
76080,0
76140,0
76200,0
76260,0
76320,0
76380,0
76440,0
76500,0
76560,0
76620,0
76680,0
76740,0
76800,0
76860,0
76920,0
76980,0
77040,0
77100,0
77160,0
77220,0
77280,0
77340,0
77400,0
77460,0
77520,0
77580,0
77640,0
77700,0
77760,0
77820,0
77880,0
77940,0
78000,0
78060,0
78120,0
78180,0
78240,0
78300,0
78360,0
78420,0
78480,0
78540,0
78600,0
78660,0
78720,0
78780,0
78840,0
78900,0
78960,0
79020,0
79080,0
79140,0
79200,0
79260,0
79320,0
79380,0
79440,0
79500,0
79560,0
79620,0
79680,0
79740,0
79800,0
79860,0
79920,0
79980,0
80040,0
80100,0
80160,0
80220,0
80280,0
80340,0
80400,0
80460,0
80520,0
80580,0
80640,0
80700,0
80760,0
80820,0
80880,0
80940,0
81000,0
81060,0
81120,0
81180,0
81240,0
81300,0
81360,0
81420,0
81480,0
81540,0
81600,0
81660,0
81720,0
81780,0
81840,0
81900,0
81960,0
82020,0
82080,0
82140,0
82200,0
82260,0
82320,0
82380,0
82440,0
82500,0
82560,0
82620,0
82680,0
82740,0
82800,0
82860,0
82920,0
82980,0
83040,0
83100,0
83160,0
83220,0
83280,0
83340,0
83400,0
83460,0
83520,0
83580,0
83640,0
83700,0
83760,0
83820,0
83880,0
83940,0
84000,0
84060,0
84120,0
84180,0
84240,0
84300,0
84360,0
84420,0
84480,0
84540,0
84600,0
84660,0
84720,0
84780,0
84840,0
84900,0
84960,0
85020,0
85080,0
85140,0
85200,0
85260,0
85320,0
85380,0
85440,0
85500,0
85560,0
85620,0
85680,0
85740,0
85800,0
85860,0
85920,0
85980,0
86040,0
86100,0
86160,0
86220,0
86280,0
86340,0
86400,0
86460,0
86520,0
86580,0
86640,0
86700,0
86760,0
86820,0
86880,0
86940,0
87000,0
87060,0
87120,0
87180,0
87240,0
87300,0
87360,0
87420,0
87480,0
87540,0
87600,0
87660,0
87720,0
87780,0
87840,0
87900,0
87960,0
88020,0
88080,0
88140,0
88200,0
88260,0
88320,0
88380,0
88440,0
88500,0
88560,0
88620,0
88680,0
88740,0
88800,0
88860,0
88920,0
88980,0
89040,0
89100,0
89160,0
89220,0
89280,0
89340,0
89400,0
89460,0
89520,0
89580,0
89640,0
89700,0
89760,0
89820,0
89880,0
89940,0
90000,0
90060,0
90120,0
90180,0
90240,0
90300,0
90360,0
90420,0
90480,0
90540,0
90600,0
90660,0
90720,0
90780,0
90840,0
90900,0
90960,0
91020,0
91080,0
91140,0
91200,0
91260,0
91320,0
91380,0
91440,0
91500,0
91560,0
91620,0
91680,0
91740,0
91800,0
91860,0
91920,0
91980,0
92040,0
92100,0
92160,0
92220,0
92280,0
92340,0
92400,0
92460,0
92520,0
92580,0
92640,0
92700,0
92760,0
92820,0
92880,0
92940,0
93000,0
93060,0
93120,0
93180,0
93240,0
93300,0
93360,0
93420,0
93480,0
93540,0
93600,0
93660,0
93720,0
93780,0
93840,0
93900,0
93960,0
94020,0
94080,0
94140,0
94200,0
94260,0
94320,0
94380,0
94440,0
94500,0
94560,0
94620,0
94680,0
94740,0
94800,0
94860,0
94920,0
94980,0
95040,0
95100,0
95160,0
95220,0
95280,0
95340,0
95400,0
95460,0
95520,0
95580,0
95640,0
95700,0
95760,0
95820,0
95880,0
95940,0
96000,0
96060,0
96120,0
96180,0
96240,0
96300,0
96360,0
96420,0
96480,0
96540,0
96600,0
96660,0
96720,0
96780,0
96840,0
96900,0
96960,0
97020,0
97080,0
97140,0
97200,0
97260,0
97320,0
97380,0
97440,0
97500,0
97560,0
97620,0
97680,0
97740,0
97800,0
97860,0
97920,0
97980,0
98040,0
98100,0
98160,0
98220,0
98280,0
98340,0
98400,0
98460,0
98520,0
98580,0
98640,0
98700,0
98760,0
98820,0
98880,0
98940,0
99000,0
99060,0
99120,0
99180,0
99240,0
99300,0
99360,0
99420,0
99480,0
99540,0
99600,0
99660,0
99720,0
99780,0
99840,0
99900,0
99960,0
100020,0
100080,0
100140,0
100200,0
100260,0
100320,0
100380,0
100440,0
100500,0
100560,0
100620,0
100680,0
100740,0
100800,0
100860,0
100920,0
100980,0
101040,0
101100,0
101160,0
101220,0
101280,0
101340,0
101400,0
101460,0
101520,0
101580,0
101640,0
101700,0
101760,0
101820,0
101880,0
101940,0
102000,0
102060,0
102120,0
102180,0
102240,0
102300,0
102360,0
102420,0
102480,0
102540,0
102600,0
102660,0
102720,0
102780,0
102840,0
102900,0
102960,0
103020,0
103080,0
103140,0
103200,0
103260,0
103320,0
103380,0
103440,0
103500,0
103560,0
103620,0
103680,0
103740,0
103800,0
103860,0
103920,0
103980,0
104040,0
104100,0
104160,0
104220,0
104280,0
104340,0
104400,0
104460,0
104520,0
104580,0
104640,0
104700,0
104760,0
104820,0
104880,0
104940,0
105000,0
105060,0
105120,0
105180,0
105240,0
105300,0
105360,0
105420,0
105480,0
105540,0
105600,0
105660,0
105720,0
105780,0
105840,0
105900,0
105960,0
106020,0
106080,0
106140,0
106200,0
106260,0
106320,0
106380,0
106440,0
106500,0
106560,0
106620,0
106680,0
106740,0
106800,0
106860,0
106920,0
106980,0
107040,0
107100,0
107160,0
107220,0
107280,0
107340,0
107400,0
107460,0
107520,0
107580,0
107640,0
107700,0
107760,0
107820,0
107880,0
107940,0
108000,0
108060,0
108120,0
108180,0
108240,0
108300,0
108360,0
108420,0
108480,0
108540,0
108600,0
108660,0
108720,0
108780,0
108840,0
108900,0
108960,0
109020,0
109080,0
109140,0
109200,0
109260,0
109320,0
109380,0
109440,0
109500,0
109560,0
109620,0
109680,0
109740,0
109800,0
109860,0
109920,0
109980,0
110040,0
110100,0
110160,0
110220,0
110280,0
110340,0
110400,0
110460,0
110520,0
110580,0
110640,0
110700,0
110760,0
110820,0
110880,0
110940,0
111000,0
111060,0
111120,0
111180,0
111240,0
111300,0
111360,0
111420,0
111480,0
111540,0
111600,0
111660,0
111720,0
111780,0
111840,0
111900,0
111960,0
112020,0
112080,0
112140,0
112200,0
112260,0
112320,0
112380,0
112440,0
112500,0
112560,0
112620,0
112680,0
112740,0
112800,0
112860,0
112920,0
112980,0
113040,0
113100,0
113160,0
113220,0
113280,0
113340,0
113400,0
113460,0
113520,0
113580,0
113640,0
113700,0
113760,0
113820,0
113880,0
113940,0
114000,0
114060,0
114120,0
114180,0
114240,0
114300,0
114360,0
114420,0
114480,0
114540,0
114600,0
114660,0
114720,0
114780,0
114840,0
114900,0
114960,0
115020,0
115080,0
115140,0
115200,0
115260,0
115320,0
115380,0
115440,0
115500,0
115560,0
115620,0
115680,0
115740,0
115800,0
115860,0
115920,0
115980,0
116040,0
116100,0
116160,0
116220,0
116280,0
116340,0
116400,0
116460,0
116520,0
116580,432
116640,432
116700,432
116760,432
116820,432
116880,432
116940,864
117000,864
117060,864
117120,864
117180,939
117240,939
117300,939
117360,939
117420,939
117480,939
117540,939
117600,939
117660,939
117720,939
117780,939
117840,939
117900,939
117960,939
118020,939
118080,1446
118140,1446
118200,1878
118260,1521
118320,1521
118380,1521
118440,1521
118500,1521
118560,1953
118620,1953
118680,1953
118740,1953
118800,1953
118860,1953
118920,1953
118980,2385
119040,2385
119100,2385
119160,2385
119220,2385
119280,2385
119340,2460
119400,2460
119460,2460
119520,2460
119580,2967
119640,3906
119700,3906
119760,3906
119820,4413
119880,3981
119940,3981
120000,4413
120060,4413
120120,4488
120180,4488
120240,5427
120300,5934
120360,5934
120420,5934
120480,5934
120540,5934
120600,6009
120660,6009
120720,6009
120780,6009
120840,6441
120900,6441
120960,6948
121020,6948
121080,6591
121140,6591
121200,7455
121260,7455
121320,7680
121380,7755
121440,8187
121500,8187
121560,7830
121620,7830
121680,7905
121740,8055
121800,8055
121860,8487
121920,8994
121980,8994
122040,9426
122100,9501
122160,9504.0
122220,9504.0
122280,9504.0
122340,9504.0
122400,9504.0
122460,9504.0
122520,9936.0
122580,10011.0
122640,10011.0
122700,10011.0
122760,9654.0
122820,9654.0
122880,9654.0
122940,9654.0
123000,9654.0
123060,9654.0
123120,9651
123180,10083
123240,10083
123300,10083
123360,10083
123420,10083
123480,10233
123540,10308
123600,10383
123660,9594
123720,9090.0
123780,9018.0
123840,8874.0
123900,8874.0
123960,9306.0
124020,9306.0
124080,8802.0
124140,8730.0
124200,8586.0
124260,8514.0
124320,8298.0
124380,7941.0
124440,7941.0
124500,7941.0
124560,7584.0
124620,7440.0
124680,7869.0
124740,7794.0
124800,8220.0
124860,8220.0
124920,7863.0
124980,8799.0
125040,8364.0
125100,8292.0
125160,8286.0
125220,8211.0
125280,8277.0
125340,8277.0
125400,8277.0
125460,8709.0
125520,8784.0
125580,8853.0
125640,8928.0
125700,8925.0
125760,8925.0
125820,9000.0
125880,9507.0
125940,9507.0
126000,10014.0
126060,10011.0
126120,10011.0
126180,10008
126240,10008
126300,10008
126360,10008
126420,10008
126480,10008
126540,10008
126600,10008
126660,9936.0
126720,9936.0
126780,9936.0
126840,10368.0
126900,10800.0
126960,10371.0
127020,10371.0
127080,10446.0
127140,10878.0
127200,10878.0
127260,10164.0
127320,10596.0
127380,10596.0
127440,10092.0
127500,10020.0
127560,10023.0
127620,10020.0
127680,10095.0
127740,11184.0
127800,11112.0
127860,11112.0
127920,11259.0
127980,11334.0
128040,11334.0
128100,10977.0
128160,10473.0
128220,10548.0
128280,10548.0
128340,11055.0
128400,11052.0
128460,11052.0
128520,11049.0
128580,11049.0
128640,10617.0
128700,10617.0
128760,11121.0
128820,11481.0
128880,11481.0
128940,11988.0
129000,11631.0
129060,11631.0
129120,11628.0
129180,11703.0
129240,12210.0
129300,11706.0
129360,11856.0
129420,11709.0
129480,10773.0
129540,10701.0
129600,10701.0
129660,10701.0
129720,10701.0
129780,11058.0
129840,11922.0
129900,11850.0
129960,11850.0
130020,11850.0
130080,11493.0
130140,11493.0
130200,11568.0
130260,11283.0
130320,11283.0
130380,11277.0
130440,11274.0
130500,11271.0
130560,11703.0
130620,11703.0
130680,11703.0
130740,11343.0
130800,11343.0
130860,11340
130920,11772
130980,11700.0
131040,11268.0
131100,11271.0
131160,11199.0
131220,10767.0
131280,10767.0
131340,10695.0
131400,10695.0
131460,10551.0
131520,10551.0
131580,10479.0
131640,10335.0
131700,9903.0
131760,10842.0
131820,10770.0
131880,10770.0
131940,11199.0
132000,11127.0
132060,10692.0
132120,10617.0
132180,10617.0
132240,10617.0
132300,10614.0
132360,10185.0
132420,10179.0
132480,9747.0
132540,9600.0
132600,10458.0
132660,10314.0
132720,9447.0
132780,9372.0
132840,9372.0
132900,9372.0
132960,9369.0
133020,8937.0
133080,8862.0
133140,9369.0
133200,9297.0
133260,9297.0
133320,9294.0
133380,9294.0
133440,8862.0
133500,8715.0
133560,8715.0
133620,8709.0
133680,8352.0
133740,8277.0
133800,8709.0
133860,8709.0
133920,8784.0
133980,8784.0
134040,8781.0
134100,8781.0
134160,9210.0
134220,9210.0
134280,8781.0
134340,8349.0
134400,9291.0
134460,9141.0
134520,9216.0
134580,9216.0
134640,9216.0
134700,8349.0
134760,8133.0
134820,8133.0
134880,8133.0
134940,8061.0
135000,7629.0
135060,7632.0
135120,7632.0
135180,6771.0
135240,5328.0
135300,5184.0
135360,5181.0
135420,5607.0
135480,5535.0
135540,5103.0
135600,5535.0
135660,5031.0
135720,5022.0
135780,4878.0
135840,3870.0
135900,3795.0
135960,4230.0
136020,3795.0
136080,2931.0
136140,3360.0
136200,3354.0
136260,2919.0
136320,2919.0
136380,2919.0
136440,2916.0
136500,2916.0
136560,2484.0
136620,2481.0
136680,2481.0
136740,2475.0
136800,2469.0
136860,2466.0
136920,2463.0
136980,2463.0
137040,2895.0
137100,2823.0
137160,2391.0
137220,2388.0
137280,2388.0
137340,2388.0
137400,2388.0
137460,2388.0
137520,2388.0
137580,2388.0
137640,2388.0
137700,2388.0
137760,2388.0
137820,2895.0
137880,3402.0
137940,3402.0
138000,3402.0
138060,3906
138120,3906
138180,3981
138240,4488
138300,4488
138360,4488
138420,4488
138480,4488
138540,4206
138600,4638
138660,5145
138720,5145
138780,5220
138840,5295
138900,5877
138960,6027
139020,5955.0
139080,5523.0
139140,6030.0
139200,6462.0
139260,6462.0
139320,6462.0
139380,6462.0
139440,6462.0
139500,6462.0
139560,6537.0
139620,6537.0
139680,6537.0
139740,6537.0
139800,6537.0
139860,6105.0
139920,6465.0
139980,6030.0
140040,6105.0
140100,6105.0
140160,6180.0
140220,6612.0
140280,6687.0
140340,6690.0
140400,6690.0
140460,6690.0
140520,7122.0
140580,7122.0
140640,7482.0
140700,7914.0
140760,8421.0
140820,8496.0
140880,8643.0
140940,8571.0
141000,8571.0
141060,8574.0
141120,9006.0
141180,8934.0
141240,9441.0
141300,9438.0
141360,9438.0
141420,9438.0
141480,9513.0
141540,9513.0
141600,10017.0
141660,10017.0
141720,10017.0
141780,10449.0
141840,10449.0
141900,10164.0
141960,10164.0
142020,10161.0
142080,9804.0
142140,9729.0
142200,10161.0
142260,10161.0
142320,10236.0
142380,10236.0
142440,10311.0
142500,10311.0
142560,10311.0
142620,9879.0
142680,9807.0
142740,9807.0
142800,10239.0
142860,10746.0
142920,9957.0
142980,10317.0
143040,10317.0
143100,9957.0
143160,9957.0
143220,9957.0
143280,9525.0
143340,10032.0
143400,10032.0
143460,10464.0
143520,10896.0
143580,10899.0
143640,10971.0
143700,11403.0
143760,11121.0
143820,11049.0
143880,11049.0
143940,11046.0
144000,11910.0
144060,11838.0
144120,11481.0
144180,11481.0
144240,11049.0
144300,11049.0
144360,11049.0
144420,11049.0
144480,11049.0
144540,11046.0
144600,10974.0
144660,11049.0
144720,11049.0
144780,11481.0
144840,11049.0
144900,10977.0
144960,10545.0
145020,10974.0
145080,10902.0
145140,10902.0
145200,10902.0
145260,10902.0
145320,10902.0
145380,10470.0
145440,10470.0
145500,10398.0
145560,10827.0
145620,10827.0
145680,10827.0
145740,11256.0
145800,11184.0
145860,11181.0
145920,10749.0
145980,10749.0
146040,10314.0
146100,10314.0
146160,10746.0
146220,10746.0
146280,11178.0
146340,11106.0
146400,10674.0
146460,10671.0
146520,10671.0
146580,10671.0
146640,10671.0
146700,10671.0
146760,11100.0
146820,10596.0
146880,10164.0
146940,10164.0
147000,10956.0
147060,10524.0
147120,10092.0
147180,10020.0
147240,9738.0
147300,9735.0
147360,9735.0
147420,9735.0
147480,9735.0
147540,10167.0
147600,10167.0
147660,10095.0
147720,10095.0
147780,10092.0
147840,10092.0
147900,10167.0
147960,10239.0
148020,10239.0
148080,10671.0
148140,10668.0
148200,10668.0
148260,10668.0
148320,11028.0
148380,10956.0
148440,10956.0
148500,10956.0
148560,10956.0
148620,10953.0
148680,10305.0
148740,9873.0
148800,9873.0
148860,9801.0
148920,9801.0
148980,9801.0
149040,9801.0
149100,9801.0
149160,9369.0
149220,9369.0
149280,9366.0
149340,9363.0
149400,9363.0
149460,9363.0
149520,9795.0
149580,9363.0
149640,9354.0
149700,9354.0
149760,9354.0
149820,9351
149880,9426
149940,9426
150000,9426
150060,9426
150120,9426
150180,8994
150240,8922.0
150300,8922.0
150360,8922.0
150420,8922.0
150480,9354.0
150540,9714.0
150600,10146.0
150660,9789.0
150720,9939.0
150780,9939.0
150840,9939.0
150900,9939.0
150960,9582.0
151020,9582.0
151080,10014.0
151140,9510.0
151200,9435.0
151260,9867.0
151320,9435.0
151380,9078.0
151440,9510.0
151500,9507.0
151560,9507.0
151620,9507.0
151680,9507.0
151740,9582.0
151800,9657.0
151860,10089.0
151920,10017.0
151980,10017.0
152040,10092.0
152100,10164.0
152160,10593.0
152220,10089.0
152280,10089.0
152340,10089.0
152400,9657.0
152460,9657.0
152520,9657.0
152580,10239.0
152640,10671.0
152700,11178.0
152760,11106.0
152820,10674.0
152880,10746.0
152940,10746.0
153000,11610.0
153060,11973.0
153120,11469.0
153180,10962.0
153240,11469.0
153300,10965.0
153360,10101.0
153420,10533.0
153480,10029.0
153540,9597.0
153600,9525.0
153660,9525.0
153720,9522.0
153780,9882.0
153840,9450.0
153900,9018.0
153960,8514.0
154020,8151.0
154080,8580.0
154140,8937.0
154200,8865.0
154260,8862.0
154320,8862.0
154380,8862.0
154440,8859.0
154500,8787.0
154560,8427.0
154620,8934.0
154680,8286.0
154740,7779.0
154800,7707.0
154860,7278.0
154920,7275.0
154980,7275.0
155040,7275.0
155100,6915.0
155160,6843.0
155220,6771.0
155280,6771.0
155340,7203.0
155400,7131.0
155460,7056.0
155520,6624.0
155580,6624.0
155640,6543.0
155700,6108.0
155760,6105.0
155820,6102.0
155880,6102.0
155940,6102.0
156000,6099.0
156060,6099.0
156120,6096.0
156180,6093.0
156240,6093.0
156300,6525.0
156360,6450.0
156420,6447.0
156480,6447.0
156540,6015.0
156600,6012.0
156660,6012.0
156720,5580.0
156780,5868.0
156840,5868.0
156900,6375.0
156960,6375.0
157020,6375.0
157080,5943.0
157140,5511.0
157200,5943.0
157260,5943.0
157320,5868.0
157380,5436.0
157440,5436.0
157500,5436.0
157560,5436.0
157620,5436.0
157680,5436.0
157740,5430.0
157800,5430.0
157860,5430.0
157920,5430.0
157980,5430.0
158040,5430.0
158100,5430.0
158160,4998.0
158220,4998.0
158280,4563
158340,4491.0
158400,4491.0
158460,3987.0
158520,3915.0
158580,3915.0
158640,3915.0
158700,3483.0
158760,3411.0
158820,3411.0
158880,3411.0
158940,2979.0
159000,2475.0
159060,2403.0
159120,2403.0
159180,2403.0
159240,1968.0
159300,1821.0
159360,1821.0
159420,1746.0
159480,1743.0
159540,1743.0
159600,1311.0
159660,1311.0
159720,876.0
159780,876.0
159840,876.0
159900,876.0
159960,873.0
160020,873.0
160080,873.0
160140,873.0
160200,873.0
160260,867.0
160320,867.0
160380,864
160440,864
160500,432
160560,864
160620,864
160680,864
160740,864
160800,864
160860,864
160920,864
160980,864
161040,432
161100,432
161160,432
161220,432
161280,432
161340,432
161400,0
161460,0
161520,0
161580,0
161640,0
161700,0
161760,0
161820,0
161880,0
161940,0
162000,0
162060,0
162120,0
162180,0
162240,0
162300,0
162360,0
162420,0
162480,0
162540,0
162600,0
162660,0
162720,0
162780,0
162840,0
162900,0
162960,0
163020,0
163080,0
163140,0
163200,0
163260,0
163320,0
163380,0
163440,0
163500,0
163560,0
163620,0
163680,0
163740,0
163800,0
163860,0
163920,0
163980,0
164040,0
164100,0
164160,0
164220,0
164280,0
164340,0
164400,0
164460,0
164520,0
164580,0
164640,0
164700,0
164760,0
164820,0
164880,0
164940,0
165000,0
165060,0
165120,0
165180,0
165240,0
165300,0
165360,0
165420,0
165480,0
165540,0
165600,0
165660,0
165720,0
165780,0
165840,0
165900,0
165960,0
166020,0
166080,0
166140,0
166200,0
166260,0
166320,0
166380,0
166440,0
166500,0
166560,0
166620,0
166680,0
166740,0
166800,0
166860,0
166920,0
166980,0
167040,0
167100,0
167160,0
167220,0
167280,0
167340,0
167400,0
167460,0
167520,0
167580,0
167640,0
167700,0
167760,0
167820,0
167880,0
167940,0
168000,0
168060,0
168120,0
168180,0
168240,0
168300,0
168360,0
168420,0
168480,0
168540,0
168600,0
168660,0
168720,0
168780,0
168840,0
168900,0
168960,0
169020,0
169080,0
169140,0
169200,0
169260,0
169320,0
169380,0
169440,0
169500,0
169560,0
169620,0
169680,0
169740,0
169800,0
169860,0
169920,0
169980,0
170040,0
170100,0
170160,0
170220,0
170280,0
170340,0
170400,0
170460,0
170520,0
170580,0
170640,0
170700,0
170760,0
170820,0
170880,0
170940,0
171000,0
171060,0
171120,0
171180,0
171240,0
171300,0
171360,0
171420,0
171480,0
171540,0
171600,0
171660,0
171720,0
171780,0
171840,0
171900,0
171960,0
172020,0
172080,0
172140,0
172200,0
172260,0
172320,0
172380,0
172440,0
172500,0
172560,0
172620,0
172680,0
172740,0
172800,0
172860,0
172920,0
172980,0
173040,0
173100,0
173160,0
173220,0
173280,0
173340,0
173400,0
173460,0
173520,0
173580,0
173640,0
173700,0
173760,0
173820,0
173880,0
173940,0
174000,0
174060,0
174120,0
174180,0
174240,0
174300,0
174360,0
174420,0
174480,0
174540,0
174600,0
174660,0
174720,0
174780,0
174840,0
174900,0
174960,0
175020,0
175080,0
175140,0
175200,0
175260,0
175320,0
175380,0
175440,0
175500,0
175560,0
175620,0
175680,0
175740,0
175800,0
175860,0
175920,0
175980,0
176040,0
176100,0
176160,0
176220,0
176280,0
176340,0
176400,0
176460,0
176520,0
176580,0
176640,0
176700,0
176760,0
176820,0
176880,0
176940,0
177000,0
177060,0
177120,0
177180,0
177240,0
177300,0
177360,0
177420,0
177480,0
177540,0
177600,0
177660,0
177720,0
177780,0
177840,0
177900,0
177960,0
178020,0
178080,0
178140,0
178200,0
178260,0
178320,0
178380,0
178440,0
178500,0
178560,0
178620,0
178680,0
178740,0
178800,0
178860,0
178920,0
178980,0
179040,0
179100,0
179160,0
179220,0
179280,0
179340,0
179400,0
179460,0
179520,0
179580,0
179640,0
179700,0
179760,0
179820,0
179880,0
179940,0
180000,0
180060,0
180120,0
180180,0
180240,0
180300,0
180360,0
180420,0
180480,0
180540,0
180600,0
180660,0
180720,0
180780,0
180840,0
180900,0
180960,0
181020,0
181080,0
181140,0
181200,0
181260,0
181320,0
181380,0
181440,0
181500,0
181560,0
181620,0
181680,0
181740,0
181800,0
181860,0
181920,0
181980,0
182040,0
182100,0
182160,0
182220,0
182280,0
182340,0
182400,0
182460,0
182520,0
182580,0
182640,0
182700,0
182760,0
182820,0
182880,0
182940,0
183000,0
183060,0
183120,0
183180,0
183240,0
183300,0
183360,0
183420,0
183480,0
183540,0
183600,0
183660,0
183720,0
183780,0
183840,0
183900,0
183960,0
184020,0
184080,0
184140,0
184200,0
184260,0
184320,0
184380,0
184440,0
184500,0
184560,0
184620,0
184680,0
184740,0
184800,0
184860,0
184920,0
184980,0
185040,0
185100,0
185160,0
185220,0
185280,0
185340,0
185400,0
185460,0
185520,0
185580,0
185640,0
185700,0
185760,0
185820,0
185880,0
185940,0
186000,0
186060,0
186120,0
186180,0
186240,0
186300,0
186360,0
186420,0
186480,0
186540,0
186600,0
186660,0
186720,0
186780,0
186840,0
186900,0
186960,0
187020,0
187080,0
187140,0
187200,0
187260,0
187320,0
187380,0
187440,0
187500,0
187560,0
187620,0
187680,0
187740,0
187800,0
187860,0
187920,0
187980,0
188040,0
188100,0
188160,0
188220,0
188280,0
188340,0
188400,0
188460,0
188520,0
188580,0
188640,0
188700,0
188760,0
188820,0
188880,0
188940,0
189000,0
189060,0
189120,0
189180,0
189240,0
189300,0
189360,0
189420,0
189480,0
189540,0
189600,0
189660,0
189720,0
189780,0
189840,0
189900,0
189960,0
190020,0
190080,0
190140,0
190200,0
190260,0
190320,0
190380,0
190440,0
190500,0
190560,0
190620,0
190680,0
190740,0
190800,0
190860,0
190920,0
190980,0
191040,0
191100,0
191160,0
191220,0
191280,0
191340,0
191400,0
191460,0
191520,0
191580,0
191640,0
191700,0
191760,0
191820,0
191880,0
191940,0
192000,0
192060,0
192120,0
192180,0
192240,0
192300,0
192360,0
192420,0
192480,0
192540,0
192600,0
192660,0
192720,0
192780,0
192840,0
192900,0
192960,0
193020,0
193080,0
193140,0
193200,0
193260,0
193320,0
193380,0
193440,0
193500,0
193560,0
193620,0
193680,0
193740,0
193800,0
193860,0
193920,0
193980,0
194040,0
194100,0
194160,0
194220,0
194280,0
194340,0
194400,0
194460,0
194520,0
194580,0
194640,0
194700,0
194760,0
194820,0
194880,0
194940,0
195000,0
195060,0
195120,0
195180,0
195240,0
195300,0
195360,0
195420,0
195480,0
195540,0
195600,0
195660,0
195720,0
195780,0
195840,0
195900,0
195960,0
196020,0
196080,0
196140,0
196200,0
196260,0
196320,0
196380,0
196440,0
196500,0
196560,0
196620,0
196680,0
196740,0
196800,0
196860,0
196920,0
196980,0
197040,0
197100,0
197160,0
197220,0
197280,0
197340,0
197400,0
197460,0
197520,0
197580,0
197640,0
197700,0
197760,0
197820,0
197880,0
197940,0
198000,0
198060,0
198120,0
198180,0
198240,0
198300,0
198360,0
198420,0
198480,0
198540,0
198600,0
198660,0
198720,0
198780,0
198840,0
198900,0
198960,0
199020,0
199080,0
199140,0
199200,0
199260,0
199320,0
199380,0
199440,0
199500,0
199560,0
199620,0
199680,0
199740,0
199800,0
199860,0
199920,0
199980,0
200040,0
200100,0
200160,0
200220,0
200280,0
200340,0
200400,0
200460,0
200520,0
200580,0
200640,0
200700,0
200760,0
200820,0
200880,0
200940,0
201000,0
201060,0
201120,0
201180,0
201240,0
201300,0
201360,0
201420,0
201480,0
201540,0
201600,0
201660,0
201720,0
201780,0
201840,0
201900,0
201960,0
202020,0
202080,0
202140,0
202200,0
202260,0
202320,0
202380,0
202440,0
202500,0
202560,0
202620,0
202680,0
202740,0
202800,0
202860,0
202920,0
202980,0
203040,432
203100,432
203160,432
203220,432
203280,432
203340,432
203400,432
203460,432
203520,432
203580,432
203640,432
203700,432
203760,432
203820,432
203880,432
203940,432
204000,432
204060,432
204120,432
204180,432
204240,432
204300,432
204360,432
204420,432
204480,939
204540,939
204600,939
204660,939
204720,939
204780,939
204840,1371
204900,1371
204960,1371
205020,1371
205080,1371
205140,1371
205200,1371
205260,1371
205320,1371
205380,1371
205440,1371
205500,1878
205560,1878
205620,1878
205680,1878
205740,1878
205800,1878
205860,2385
205920,2385
205980,2385
206040,3042
206100,3474
206160,3474
206220,4056
206280,3624
206340,3699
206400,4206
206460,4281
206520,4788
206580,4788
206640,4863
206700,5802
206760,5802
206820,6234
206880,6741
206940,6816
207000,6816
207060,6891
207120,7398
207180,7398
207240,7473
207300,7473
207360,7548
207420,7623
207480,7266
207540,7266
207600,7698
207660,7698
207720,8280
207780,8712
207840,8712
207900,8787
207960,8430
208020,8430
208080,8937
208140,9012
208200,9012
208260,9012
208320,9012
208380,9012
208440,9087
208500,9162
208560,9162
208620,9594
208680,9594
208740,9594
208800,9594
208860,9594
208920,9594
208980,9669
209040,9669
209100,9669
209160,9669
209220,10101
209280,10101
209340,10101
209400,10101
209460,10101
209520,10101
209580,10101
209640,10533
209700,10608
209760,10251
209820,10251
209880,9819
209940,9243.0
210000,9678.0
210060,9828.0
210120,9828.0
210180,10260.0
210240,10188.0
210300,10116.0
210360,10476.0
210420,10047.0
210480,9903.0
210540,9399.0
210600,9255.0
210660,8823.0
210720,8679.0
210780,9543.0
210840,9471.0
210900,9033.0
210960,9030.0
211020,8958.0
211080,8958.0
211140,8814.0
211200,9243.0
211260,9600.0
211320,9672.0
211380,9597.0
211440,9591.0
211500,9588.0
211560,9657.0
211620,9585.0
211680,9147.0
211740,9147.0
211800,9144.0
211860,9144.0
211920,9651.0
211980,9648.0
212040,9648.0
212100,9210.0
212160,9210.0
212220,9207.0
212280,9639.0
212340,9636.0
212400,9711.0
212460,9711.0
212520,9711.0
212580,10140
212640,10140
212700,10140
212760,10215
212820,10215
212880,10215
212940,10215
213000,10215
213060,10365
213120,10365
213180,10365
213240,10797
213300,10797
213360,10515
213420,10515
213480,10515
213540,10947
213600,10515
213660,10518.0
213720,10086.0
213780,10086.0
213840,9654.0
213900,9510.0
213960,9438.0
214020,9366.0
214080,9873.0
214140,11037.0
214200,11037.0
214260,10605.0
214320,10173.0
214380,10248.0
214440,10248.0
214500,9816.0
214560,10251.0
214620,10323.0
214680,10473.0
214740,10041.0
214800,10041.0
214860,10542.0
214920,11403.0
214980,11475.0
215040,11475.0
215100,11982.0
215160,12057.0
215220,11703.0
215280,11703.0
215340,11631.0
215400,12138.0
215460,12066.0
215520,11634.0
215580,11202.0
215640,12066.0
215700,11994.0
215760,11637.0
215820,11640.0
215880,11640.0
215940,11640.0
216000,11208.0
216060,11136.0
216120,11643.0
216180,11640.0
216240,11640.0
216300,11637.0
216360,11637.0
216420,11634.0
216480,11199.0
216540,11199.0
216600,11199.0
216660,11124.0
216720,11199.0
216780,11196.0
216840,11196.0
216900,10764.0
216960,10260.0
217020,10689.0
217080,11121.0
217140,11121.0
217200,11121.0
217260,11049.0
217320,11049.0
217380,11556.0
217440,11484.0
217500,10980.0
217560,10908.0
217620,10545.0
217680,10473.0
217740,9969.0
217800,10401.0
217860,10401.0
217920,10398.0
217980,9966.0
218040,9750.0
218100,9750.0
218160,9825.0
218220,10257.0
218280,10407.0
218340,10407.0
218400,10404.0
218460,10044.0
218520,10041.0
218580,9969.0
218640,10398.0
218700,10395.0
218760,9966.0
218820,9966.0
218880,10326.0
218940,10254.0
219000,9813.0
219060,9813.0
219120,9381.0
219180,9237.0
219240,9672.0
219300,10611.0
219360,10539.0
219420,10467.0
219480,10038.0
219540,10395.0
219600,9531.0
219660,9819.0
219720,9816.0
219780,9816.0
219840,9888.0
219900,9957.0
219960,10389.0
220020,10320.0
220080,9966.0
220140,9960.0
220200,9888.0
220260,9888.0
220320,9960.0
220380,9600.0
220440,9597.0
220500,9162.0
220560,9162.0
220620,9012.0
220680,9444.0
220740,9228.0
220800,7932.0
220860,7428.0
220920,7428.0
220980,7350.0
221040,6915.0
221100,7347.0
221160,7200.0
221220,7200.0
221280,7128.0
221340,6696.0
221400,6696.0
221460,6696.0
221520,6696.0
221580,6258.0
221640,6690.0
221700,6609.0
221760,6609.0
221820,6606.0
221880,6102.0
221940,6030.0
222000,5958.0
222060,5958.0
222120,5880.0
222180,4584.0
222240,4005.0
222300,3933.0
222360,3933.0
222420,3933.0
222480,4365.0
222540,3861.0
222600,3429.0
222660,3354.0
222720,3282.0
222780,3210.0
222840,2775.0
222900,2337.0
222960,2769.0
223020,1905.0
223080,1902.0
223140,1830.0
223200,1392.0
223260,1389.0
223320,1389.0
223380,1389.0
223440,1389.0
223500,1386.0
223560,1386.0
223620,1383.0
223680,1380.0
223740,1377.0
223800,1377.0
223860,1377.0
223920,1881.0
223980,1881.0
224040,1881.0
224100,1878
224160,1953
224220,2460
224280,2460
224340,2460
224400,2460
224460,2460
224520,2535
224580,2535
224640,2535
224700,2535
224760,2535
224820,3042
224880,3042
224940,3624
225000,4206
225060,4713
225120,4788
225180,4788
225240,4788
225300,4788
225360,4788
225420,5295
225480,5295
225540,5295
225600,5727
225660,5727
225720,5727
225780,5727
225840,5727
225900,5802
225960,6309
226020,6384
226080,6459
226140,6459
226200,6459
226260,6027
226320,7044.0
226380,7044.0
226440,7194.0
226500,7269.0
226560,7851.0
226620,7851.0
226680,7926.0
226740,7926.0
226800,8433.0
226860,8433.0
226920,8436.0
226980,8436.0
227040,8796.0
227100,8871.0
227160,9810.0
227220,9810.0
227280,10389.0
227340,9825.0
227400,9825.0
227460,9825.0
227520,10185.0
227580,10185.0
227640,10185.0
227700,10185.0
227760,10185.0
227820,10185.0
227880,10182.0
227940,10542.0
228000,10614.0
228060,10614.0
228120,10614.0
228180,10614.0
228240,10614.0
228300,10182.0
228360,10182.0
228420,10182.0
228480,10611.0
228540,10539.0
228600,10971.0
228660,10971.0
228720,10614.0
228780,10614.0
228840,10614.0
228900,10611.0
228960,10611.0
229020,11046.0
229080,11046.0
229140,10614.0
229200,11046.0
229260,10974.0
229320,10542.0
229380,10542.0
229440,10542.0
229500,10971.0
229560,10971.0
229620,10614.0
229680,10614.0
229740,10689.0
229800,10689.0
229860,10689.0
229920,10689.0
229980,10686.0
230040,10686.0
230100,10686.0
230160,10614.0
230220,10107.0
230280,9603.0
230340,9531.0
230400,9606.0
230460,9534.0
230520,9102.0
230580,9105.0
230640,9105.0
230700,9033.0
230760,8961.0
230820,8961.0
230880,9036.0
230940,8604.0
231000,9468.0
231060,9396.0
231120,8961.0
231180,8958.0
231240,8883.0
231300,8376.0
231360,8808.0
231420,9237.0
231480,9237.0
231540,9816.0
231600,9816.0
231660,9813.0
231720,9810.0
231780,10242.0
231840,9810.0
231900,10827.0
231960,10827.0
232020,10824.0
232080,10824.0
232140,10824.0
232200,10821.0
232260,10818.0
232320,10386.0
232380,10386.0
232440,10386.0
232500,10386.0
232560,11250.0
232620,11178.0
232680,10746.0
232740,10746.0
232800,10746.0
232860,10743.0
232920,10743.0
232980,10743.0
233040,10818.0
233100,10818.0
233160,10893.0
233220,10893.0
233280,10893.0
233340,10893.0
233400,10893.0
233460,11325.0
233520,11253.0
233580,10818.0
233640,10818.0
233700,10818.0
233760,10386.0
233820,10386.0
233880,10386.0
233940,10386.0
234000,10818.0
234060,10746.0
234120,10746.0
234180,10746.0
234240,11106.0
234300,11034.0
234360,10752.0
234420,10752.0
234480,11181.0
234540,11109.0
234600,10605.0
234660,10605.0
234720,10965.0
234780,10965.0
234840,11040.0
234900,11040.0
234960,11040.0
235020,11469.0
235080,11469.0
235140,11112.0
235200,11109.0
235260,11106.0
235320,11538.0
235380,11538.0
235440,11541.0
235500,11106.0
235560,10671.0
235620,11103.0
235680,11532.0
235740,11532.0
235800,11532.0
235860,11532.0
235920,11532.0
235980,11532.0
236040,11532.0
236100,11532.0
236160,11175.0
236220,11175.0
236280,11175.0
236340,11175.0
236400,11172
236460,10740
236520,10740
236580,10740
236640,11172
236700,11172
236760,11172
236820,10740
236880,10668.0
236940,10668.0
237000,11100.0
237060,11028.0
237120,11028.0
237180,10596.0
237240,10596.0
237300,10596.0
237360,10164.0
237420,11103.0
237480,11103.0
237540,11103.0
237600,11535.0
237660,11463.0
237720,11106.0
237780,11538.0
237840,11463.0
237900,11109.0
237960,11109.0
238020,11106.0
238080,10674.0
238140,10674.0
238200,11106.0
238260,11034.0
238320,10602.0
238380,10602.0
238440,10602.0
238500,10602.0
238560,10530.0
238620,10527.0
238680,10602.0
238740,10530.0
238800,10095.0
238860,9516.0
238920,9372.0
238980,8940.0
239040,9444.0
239100,9372.0
239160,8508.0
239220,8505.0
239280,8505.0
239340,8505.0
239400,9369.0
239460,9369.0
239520,9366.0
239580,8934.0
239640,9294.0
239700,9726.0
239760,10161.0
239820,10230.0
239880,10665.0
239940,9657.0
240000,9225.0
240060,8790.0
240120,9225.0
240180,9585.0
240240,9660.0
240300,10167.0
240360,10242.0
240420,9453.0
240480,9450.0
240540,9450.0
240600,9447.0
240660,9444.0
240720,9441.0
240780,9084.0
240840,9513.0
240900,9582.0
240960,9582.0
241020,9225.0
241080,9078.0
241140,9003.0
241200,8427.0
241260,7923.0
241320,7926.0
241380,7062.0
241440,6990.0
241500,6990.0
241560,6918.0
241620,6918.0
241680,6918.0
241740,6918.0
241800,6846.0
241860,6846.0
241920,6846.0
241980,5910.0
242040,5397.0
242100,5325.0
242160,5319.0
242220,5316.0
242280,5313.0
242340,5313.0
242400,5745.0
242460,5313.0
242520,5310.0
242580,5310.0
242640,5310.0
242700,5742.0
242760,5667.0
242820,4731.0
242880,4659.0
242940,4656.0
243000,4653.0
243060,4578.0
243120,4578.0
243180,4506.0
243240,4938.0
243300,4866.0
243360,4431.0
243420,4359.0
243480,4359.0
243540,3927.0
243600,4359.0
243660,4359.0
243720,4356.0
243780,3417.0
243840,2838.0
243900,2838.0
243960,2838.0
244020,2835.0
244080,2835.0
244140,2400.0
244200,2397.0
244260,2394.0
244320,2394.0
244380,2391.0
244440,2391.0
244500,2391.0
244560,1959.0
244620,1887.0
244680,1887.0
244740,1455.0
244800,1017.0
244860,945.0
244920,945.0
244980,945.0
245040,513.0
245100,441.0
245160,441.0
245220,873.0
245280,873.0
245340,873.0
245400,873.0
245460,873.0
245520,873.0
245580,870.0
245640,870.0
245700,870.0
245760,870.0
245820,867.0
245880,867.0
245940,867.0
246000,435.0
246060,432
246120,432
246180,432
246240,432
246300,432
246360,0
246420,0
246480,0
246540,0
246600,0
246660,0
246720,0
246780,0
246840,0
246900,0
246960,0
247020,0
247080,0
247140,0
247200,0
247260,0
247320,0
247380,0
247440,0
247500,0
247560,0
247620,0
247680,0
247740,0
247800,0
247860,0
247920,0
247980,0
248040,0
248100,0
248160,0
248220,0
248280,0
248340,0
248400,0
248460,0
248520,0
248580,0
248640,0
248700,0
248760,0
248820,0
248880,0
248940,0
249000,0
249060,0
249120,0
249180,0
249240,0
249300,0
249360,0
249420,0
249480,0
249540,0
249600,0
249660,0
249720,0
249780,0
249840,0
249900,0
249960,0
250020,0
250080,0
250140,0
250200,0
250260,0
250320,0
250380,0
250440,0
250500,0
250560,0
250620,0
250680,0
250740,0
250800,0
250860,0
250920,0
250980,0
251040,0
251100,0
251160,0
251220,0
251280,0
251340,0
251400,0
251460,0
251520,0
251580,0
251640,0
251700,0
251760,0
251820,0
251880,0
251940,0
252000,0
252060,0
252120,0
252180,0
252240,0
252300,0
252360,0
252420,0
252480,0
252540,0
252600,0
252660,0
252720,0
252780,0
252840,0
252900,0
252960,0
253020,0
253080,0
253140,0
253200,0
253260,0
253320,0
253380,0
253440,0
253500,0
253560,0
253620,0
253680,0
253740,0
253800,0
253860,0
253920,0
253980,0
254040,0
254100,0
254160,0
254220,0
254280,0
254340,0
254400,0
254460,0
254520,0
254580,0
254640,0
254700,0
254760,0
254820,0
254880,0
254940,0
255000,0
255060,0
255120,0
255180,0
255240,0
255300,0
255360,0
255420,0
255480,0
255540,0
255600,0
255660,0
255720,0
255780,0
255840,0
255900,0
255960,0
256020,0
256080,0
256140,0
256200,0
256260,0
256320,0
256380,0
256440,0
256500,0
256560,0
256620,0
256680,0
256740,0
256800,0
256860,0
256920,0
256980,0
257040,0
257100,0
257160,0
257220,0
257280,0
257340,0
257400,0
257460,0
257520,0
257580,0
257640,0
257700,0
257760,0
257820,0
257880,0
257940,0
258000,0
258060,0
258120,0
258180,0
258240,0
258300,0
258360,0
258420,0
258480,0
258540,0
258600,0
258660,0
258720,0
258780,0
258840,0
258900,0
258960,0
259020,0
259080,0
259140,0
259200,0
259260,0
259320,0
259380,0
259440,0
259500,0
259560,0
259620,0
259680,0
259740,0
259800,0
259860,0
259920,0
259980,0
260040,0
260100,0
260160,0
260220,0
260280,0
260340,0
260400,0
260460,0
260520,0
260580,0
260640,0
260700,0
260760,0
260820,0
260880,0
260940,0
261000,0
261060,0
261120,0
261180,0
261240,0
261300,0
261360,0
261420,0
261480,0
261540,0
261600,0
261660,0
261720,0
261780,0
261840,0
261900,0
261960,0
262020,0
262080,0
262140,0
262200,0
262260,0
262320,0
262380,0
262440,0
262500,0
262560,0
262620,0
262680,0
262740,0
262800,0
262860,0
262920,0
262980,0
263040,0
263100,0
263160,0
263220,0
263280,0
263340,0
263400,0
263460,0
263520,0
263580,0
263640,0
263700,0
263760,0
263820,0
263880,0
263940,0
264000,0
264060,0
264120,0
264180,0
264240,0
264300,0
264360,0
264420,0
264480,0
264540,0
264600,0
264660,0
264720,0
264780,0
264840,0
264900,0
264960,0
265020,0
265080,0
265140,0
265200,0
265260,0
265320,0
265380,0
265440,0
265500,0
265560,0
265620,0
265680,0
265740,0
265800,0
265860,0
265920,0
265980,0
266040,0
266100,0
266160,0
266220,0
266280,0
266340,0
266400,0
266460,0
266520,0
266580,0
266640,0
266700,0
266760,0
266820,0
266880,0
266940,0
267000,0
267060,0
267120,0
267180,0
267240,0
267300,0
267360,0
267420,0
267480,0
267540,0
267600,0
267660,0
267720,0
267780,0
267840,0
267900,0
267960,0
268020,0
268080,0
268140,0
268200,0
268260,0
268320,0
268380,0
268440,0
268500,0
268560,0
268620,0
268680,0
268740,0
268800,0
268860,0
268920,0
268980,0
269040,0
269100,0
269160,0
269220,0
269280,0
269340,0
269400,0
269460,0
269520,0
269580,0
269640,0
269700,0
269760,0
269820,0
269880,0
269940,0
270000,0
270060,0
270120,0
270180,0
270240,0
270300,0
270360,0
270420,0
270480,0
270540,0
270600,0
270660,0
270720,0
270780,0
270840,0
270900,0
270960,0
271020,0
271080,0
271140,0
271200,0
271260,0
271320,0
271380,0
271440,0
271500,0
271560,0
271620,0
271680,0
271740,0
271800,0
271860,0
271920,0
271980,0
272040,0
272100,0
272160,0
272220,0
272280,0
272340,0
272400,0
272460,0
272520,0
272580,0
272640,0
272700,0
272760,0
272820,0
272880,0
272940,0
273000,0
273060,0
273120,0
273180,0
273240,0
273300,0
273360,0
273420,0
273480,0
273540,0
273600,0
273660,0
273720,0
273780,0
273840,0
273900,0
273960,0
274020,0
274080,0
274140,0
274200,0
274260,0
274320,0
274380,0
274440,0
274500,0
274560,0
274620,0
274680,0
274740,0
274800,0
274860,0
274920,0
274980,0
275040,0
275100,0
275160,0
275220,0
275280,0
275340,0
275400,0
275460,0
275520,0
275580,0
275640,0
275700,0
275760,0
275820,0
275880,0
275940,0
276000,0
276060,0
276120,0
276180,0
276240,0
276300,0
276360,0
276420,0
276480,0
276540,0
276600,0
276660,0
276720,0
276780,0
276840,0
276900,0
276960,0
277020,0
277080,0
277140,0
277200,0
277260,0
277320,0
277380,0
277440,0
277500,0
277560,0
277620,0
277680,0
277740,0
277800,0
277860,0
277920,0
277980,0
278040,0
278100,0
278160,0
278220,0
278280,0
278340,0
278400,0
278460,0
278520,0
278580,0
278640,0
278700,0
278760,0
278820,0
278880,0
278940,0
279000,0
279060,0
279120,0
279180,0
279240,0
279300,0
279360,0
279420,0
279480,0
279540,0
279600,0
279660,0
279720,0
279780,0
279840,0
279900,0
279960,0
280020,0
280080,0
280140,0
280200,0
280260,0
280320,0
280380,0
280440,0
280500,0
280560,0
280620,0
280680,0
280740,0
280800,0
280860,0
280920,0
280980,0
281040,0
281100,0
281160,0
281220,0
281280,0
281340,0
281400,0
281460,0
281520,0
281580,0
281640,0
281700,0
281760,0
281820,0
281880,0
281940,0
282000,0
282060,0
282120,0
282180,0
282240,0
282300,0
282360,0
282420,0
282480,0
282540,0
282600,0
282660,0
282720,0
282780,0
282840,0
282900,0
282960,0
283020,0
283080,0
283140,0
283200,0
283260,0
283320,0
283380,0
283440,0
283500,0
283560,0
283620,0
283680,0
283740,0
283800,0
283860,0
283920,0
283980,0
284040,0
284100,0
284160,0
284220,0
284280,0
284340,0
284400,0
284460,0
284520,0
284580,0
284640,0
284700,0
284760,0
284820,0
284880,0
284940,0
285000,0
285060,0
285120,0
285180,0
285240,0
285300,0
285360,0
285420,0
285480,0
285540,0
285600,0
285660,0
285720,0
285780,0
285840,0
285900,0
285960,0
286020,0
286080,0
286140,0
286200,0
286260,0
286320,0
286380,0
286440,0
286500,0
286560,0
286620,0
286680,0
286740,0
286800,0
286860,0
286920,0
286980,0
287040,0
287100,0
287160,0
287220,0
287280,0
287340,0
287400,0
287460,0
287520,0
287580,0
287640,0
287700,0
287760,0
287820,0
287880,0
287940,0
288000,0
288060,0
288120,0
288180,0
288240,0
288300,0
288360,0
288420,0
288480,0
288540,0
288600,0
288660,0
288720,0
288780,0
288840,0
288900,0
288960,0
289020,0
289080,0
289140,0
289200,0
289260,0
289320,0
289380,0
289440,432
289500,432
289560,432
289620,432
289680,432
289740,432
289800,432
289860,432
289920,432
289980,432
290040,432
290100,432
290160,432
290220,432
290280,432
290340,432
290400,432
290460,432
290520,432
290580,432
290640,432
290700,432
290760,432
290820,432
290880,1371
290940,1371
291000,1371
291060,1371
291120,1371
291180,1371
291240,1371
291300,1371
291360,1878
291420,1878
291480,1878
291540,1878
291600,1878
291660,1878
291720,1878
291780,1878
291840,1878
291900,2385
291960,2385
292020,2385
292080,2385
292140,2817
292200,3324
292260,3399
292320,3399
292380,3399
292440,3981
292500,4488
292560,4488
292620,4713
292680,4281
292740,4356
292800,4356
292860,4788
292920,5295
292980,5370
293040,5877
293100,5877
293160,5877
293220,5445
293280,5877
293340,6309
293400,5952
293460,6027
293520,6102
293580,6102
293640,6534
293700,6534
293760,6609
293820,6684
293880,7116
293940,7116
294000,7623
294060,7623
294120,7773
294180,7773
294240,8205
294300,8205
294360,8205
294420,7773
294480,8280
294540,8787
294600,8787
294660,8787
294720,8787
294780,8790.0
294840,9222.0
294900,9222.0
294960,9222.0
295020,9222.0
295080,9222.0
295140,9654.0
295200,9654.0
295260,9225.0
295320,9657.0
295380,10164.0
295440,10164.0
295500,10164.0
295560,9807.0
295620,10239.0
295680,10671.0
295740,10668.0
295800,10311.0
295860,10311.0
295920,10743.0
295980,10386.0
296040,10893.0
296100,11325.0
296160,11325.0
296220,10965
296280,11040
296340,11040
296400,10896.0
296460,11328.0
296520,11403.0
296580,10539.0
296640,10902.0
296700,10902.0
296760,10830.0
296820,10830.0
296880,10686.0
296940,10614.0
297000,10470.0
297060,9606.0
297120,9822.0
297180,9822.0
297240,9822.0
297300,10254.0
297360,9816.0
297420,10104.0
297480,9672.0
297540,9096.0
297600,9450.0
297660,9450.0
297720,9090.0
297780,9090.0
297840,8652.0
297900,8649.0
297960,8643.0
298020,9078.0
298080,9069.0
298140,8637.0
298200,9069.0
298260,9144.0
298320,9144.0
298380,9645.0
298440,9645.0
298500,9639.0
298560,9636.0
298620,9279.0
298680,9714.0
298740,9789.0
298800,9864.0
298860,9864.0
298920,9864.0
298980,9861.0
299040,9861.0
299100,9861.0
299160,9861.0
299220,9504.0
299280,9504.0
299340,9504.0
299400,9432.0
299460,9360.0
299520,9360.0
299580,9792.0
299640,9789.0
299700,9717.0
299760,9717.0
299820,9717.0
299880,10149.0
299940,10224.0
300000,10299.0
300060,10374.0
300120,9870.0
300180,9438.0
300240,9438.0
300300,9438.0
300360,10017.0
300420,9150.0
300480,9150.0
300540,10314.0
300600,10389.0
300660,10461.0
300720,10104.0
300780,10536.0
300840,10536.0
300900,10536.0
300960,10536.0
301020,11475.0
301080,11547
301140,11547
301200,11547
301260,11547
301320,11547
301380,11625.0
301440,11193.0
301500,11343.0
301560,11343.0
301620,10986.0
301680,10986.0
301740,11493.0
301800,11925.0
301860,11925.0
301920,11496.0
301980,11496.0
302040,11496.0
302100,10992.0
302160,10992.0
302220,11424.0
302280,10920.0
302340,10917.0
302400,10917.0
302460,10992.0
302520,11424.0
302580,11352.0
302640,11355.0
302700,11355.0
302760,11355.0
302820,10923.0
302880,10920.0
302940,10920.0
303000,10488.0
303060,10053.0
303120,10053.0
303180,10485.0
303240,10410.0
303300,10842.0
303360,10842.0
303420,10842.0
303480,10842.0
303540,10839.0
303600,11196.0
303660,11556.0
303720,11124.0
303780,11631.0
303840,11274.0
303900,11130.0
303960,11058.0
304020,11058.0
304080,10986.0
304140,10986.0
304200,10551.0
304260,10479.0
304320,10986.0
304380,10554.0
304440,10338.0
304500,10338.0
304560,9831.0
304620,9756.0
304680,9756.0
304740,9756.0
304800,9756.0
304860,9750.0
304920,9315.0
304980,9315.0
305040,9744.0
305100,10176.0
305160,10608.0
305220,10248.0
305280,10323.0
305340,10179.0
305400,9738.0
305460,9666.0
305520,9738.0
305580,9666.0
305640,9666.0
305700,9816.0
305760,9816.0
305820,9528.0
305880,9096.0
305940,9603.0
306000,9603.0
306060,9531.0
306120,9531.0
306180,9531.0
306240,9027.0
306300,9309.0
306360,9309.0
306420,9306.0
306480,8949.0
306540,8514.0
306600,8946.0
306660,9453.0
306720,9885.0
306780,9801.0
306840,9801.0
306900,9297.0
306960,9729.0
307020,9654.0
307080,8865.0
307140,8940.0
307200,8865.0
307260,9366.0
307320,9009.0
307380,8937.0
307440,8865.0
307500,8862.0
307560,8718.0
307620,8718.0
307680,8718.0
307740,8571.0
307800,8139.0
307860,8496.0
307920,7992.0
307980,6693.0
308040,6549.0
308100,6477.0
308160,6474.0
308220,6042.0
308280,5466.0
308340,5463.0
308400,5460.0
308460,5460.0
308520,5454.0
308580,4590.0
308640,4086.0
308700,4008.0
308760,3936.0
308820,4008.0
308880,3933.0
308940,3933.0
309000,4359.0
309060,3924.0
309120,3567.0
309180,3567.0
309240,3489.0
309300,3057.0
309360,3057.0
309420,3057.0
309480,3057.0
309540,3489.0
309600,3414.0
309660,3411.0
309720,3915.0
309780,4347.0
309840,4200.0
309900,2904.0
309960,2904.0
310020,2904.0
310080,2904.0
310140,2904.0
310200,2901.0
310260,2901.0
310320,2901.0
310380,2901.0
310440,2901.0
310500,2901.0
310560,2898.0
310620,3405.0
310680,3405.0
310740,3405.0
310800,3399
310860,3906
310920,4413
310980,4920
311040,4920
311100,5427
311160,5427
311220,5427
311280,5427
311340,5577
311400,6234
311460,6741
311520,6741
311580,6741
311640,6741
311700,6741
311760,6816
311820,6891
311880,6891
311940,6891
312000,6891
312060,6966
312120,7041
312180,7041
312240,7041
312300,7041
312360,7041
312420,7116
312480,7548
312540,7980
312600,7980
312660,8055
312720,8055
312780,8055
312840,8055
312900,8055
312960,8130
313020,8130
313080,8205
313140,8637
313200,8205
313260,8280
313320,8280
313380,8787
313440,8715.0
313500,8718.0
313560,8718.0
313620,9582.0
313680,10164.0
313740,9957.0
313800,9957.0
313860,9885.0
313920,9885.0
313980,9960.0
314040,10392.0
314100,10392.0
314160,10752.0
314220,10680.0
314280,10680.0
314340,10680.0
314400,11184.0
314460,11181.0
314520,10749.0
314580,10749.0
314640,11181.0
314700,11181.0
314760,11613.0
314820,11538.0
314880,10749.0
314940,10677.0
315000,11037.0
315060,11037.0
315120,10752.0
315180,9960.0
315240,10467.0
315300,10899.0
315360,10899.0
315420,10902.0
315480,10620.0
315540,10620.0
315600,10620.0
315660,10476.0
315720,10476.0
315780,10473.0
315840,10473.0
315900,10470.0
315960,10035.0
316020,10035.0
316080,9603.0
316140,10110.0
316200,10542.0
316260,10542.0
316320,10542.0
316380,10539.0
316440,10539.0
316500,10971.0
316560,10899.0
316620,10389.0
316680,10317.0
316740,10317.0
316800,10317.0
316860,9453.0
316920,9813.0
316980,10176.0
317040,10608.0
317100,11040.0
317160,10968.0
317220,10536.0
317280,10179.0
317340,10107.0
317400,9531.0
317460,9027.0
317520,9456.0
317580,9528.0
317640,9381.0
317700,9528.0
317760,9171.0
317820,9171.0
317880,9168.0
317940,9237.0
318000,9237.0
318060,9237.0
318120,9234.0
318180,9741.0
318240,10173.0
318300,10533.0
318360,10527.0
318420,10524.0
318480,10599.0
318540,10599.0
318600,10593.0
318660,10593.0
318720,11025.0
318780,11025.0
318840,11100.0
318900,11100.0
318960,11388.0
319020,11244.0
319080,11172.0
319140,10308.0
319200,9951.0
319260,10380.0
319320,10812.0
319380,10740.0
319440,10740.0
319500,10740.0
319560,10740.0
319620,10740.0
319680,10308.0
319740,10308.0
319800,10740.0
319860,10308.0
319920,9945.0
319980,10371.0
320040,10368.0
320100,10368.0
320160,10368.0
320220,10368.0
320280,10368.0
320340,10365
320400,10365
320460,10365
320520,10365
320580,10365
320640,10365
320700,10365
320760,10365
320820,10365
320880,10221.0
320940,10221.0
321000,10221.0
321060,9789.0
321120,9717.0
321180,10149.0
321240,10149.0
321300,10152.0
321360,10152.0
321420,10152.0
321480,9648.0
321540,9216.0
321600,8568.0
321660,8136.0
321720,8568.0
321780,8064.0
321840,7986.0
321900,7986.0
321960,8850.0
322020,8418.0
322080,7986.0
322140,9357.0
322200,9000.0
322260,8205.0
322320,7773.0
322380,8133.0
322440,8562.0
322500,8637.0
322560,8631.0
322620,8634.0
322680,9066.0
322740,8991.0
322800,8631.0
322860,9063.0
322920,8274.0
322980,8349.0
323040,8346.0
323100,8346.0
323160,8346.0
323220,8346.0
323280,9210.0
323340,9207.0
323400,8850.0
323460,8850.0
323520,8925.0
323580,9429.0
323640,9429.0
323700,9426
323760,9858
323820,9786.0
323880,9354.0
323940,9354.0
324000,9354.0
324060,9354.0
324120,9786.0
324180,9786.0
324240,9786.0
324300,9936.0
324360,9504.0
324420,9432.0
324480,9507.0
324540,9510.0
324600,9510.0
324660,9510.0
324720,9510.0
324780,9582.0
324840,9582.0
324900,9582.0
324960,10014.0
325020,10014.0
325080,10014.0
325140,10014.0
325200,10014.0
325260,10521.0
325320,10089.0
325380,10518.0
325440,10089.0
325500,10086.0
325560,10014.0
325620,9582.0
325680,10374.0
325740,9942.0
325800,10014.0
325860,10449.0
325920,9945.0
325980,9441.0
326040,9441.0
326100,9948.0
326160,9516.0
326220,10380.0
326280,10236.0
326340,9732.0
326400,9660.0
326460,9231.0
326520,9735.0
326580,8871.0
326640,8364.0
326700,8292.0
326760,8292.0
326820,8289.0
326880,8718.0
326940,8715.0
327000,8358.0
327060,8358.0
327120,7926.0
327180,7569.0
327240,7638.0
327300,7635.0
327360,8064.0
327420,8061.0
327480,7989.0
327540,7485.0
327600,7410.0
327660,7335.0
327720,7263.0
327780,7623.0
327840,7191.0
327900,7623.0
327960,7551.0
328020,7479.0
328080,6543.0
328140,6471.0
328200,6474.0
328260,6042.0
328320,6402.0
328380,5538.0
328440,5538.0
328500,5967.0
328560,5964.0
328620,5529.0
328680,5526.0
328740,5523.0
328800,5520.0
328860,5520.0
328920,5517.0
328980,5514.0
329040,5511.0
329100,5511.0
329160,5508.0
329220,5508.0
329280,5937.0
329340,5001.0
329400,4422.0
329460,3990.0
329520,3486.0
329580,3414.0
329640,3414.0
329700,3414.0
329760,3414.0
329820,3414.0
329880,3414.0
329940,3414.0
330000,3414.0
330060,2982.0
330120,2982.0
330180,2982.0
330240,2550.0
330300,2475.0
330360,2397.0
330420,2397.0
330480,2394.0
330540,2319.0
330600,1887.0
330660,1887.0
330720,1887.0
330780,1887.0
330840,1887.0
330900,1887.0
330960,1887.0
331020,1887.0
331080,1887.0
331140,1887.0
331200,1887.0
331260,1812.0
331320,1377.0
331380,1377.0
331440,1377.0
331500,942.0
331560,942.0
331620,942.0
331680,942.0
331740,942.0
331800,942.0
331860,1374.0
331920,1374.0
331980,1374.0
332040,1374.0
332100,1302.0
332160,870.0
332220,867.0
332280,867.0
332340,867.0
332400,867.0
332460,867.0
332520,867.0
332580,867.0
332640,867.0
332700,867.0
332760,867.0
332820,867.0
332880,867.0
332940,867.0
333000,435.0
333060,432
333120,432
333180,432
333240,432
333300,432
333360,432
333420,432
333480,432
333540,432
333600,432
333660,432
333720,432
333780,432
333840,432
333900,432
333960,432
334020,432
334080,432
334140,432
334200,0
334260,0
334320,0
334380,0
334440,0
334500,0
334560,0
334620,0
334680,0
334740,0
334800,0
334860,0
334920,0
334980,0
335040,0
335100,0
335160,0
335220,0
335280,0
335340,0
335400,0
335460,0
335520,0
335580,0
335640,0
335700,0
335760,0
335820,0
335880,0
335940,0
336000,0
336060,0
336120,0
336180,0
336240,0
336300,0
336360,0
336420,0
336480,0
336540,0
336600,0
336660,0
336720,0
336780,0
336840,0
336900,0
336960,0
337020,0
337080,0
337140,0
337200,0
337260,0
337320,0
337380,0
337440,0
337500,0
337560,0
337620,0
337680,0
337740,0
337800,0
337860,0
337920,0
337980,0
338040,0
338100,0
338160,0
338220,0
338280,0
338340,0
338400,0
338460,0
338520,0
338580,0
338640,0
338700,0
338760,0
338820,0
338880,0
338940,0
339000,0
339060,0
339120,0
339180,0
339240,0
339300,0
339360,0
339420,0
339480,0
339540,0
339600,0
339660,0
339720,0
339780,0
339840,0
339900,0
339960,0
340020,0
340080,0
340140,0
340200,0
340260,0
340320,0
340380,0
340440,0
340500,0
340560,0
340620,0
340680,0
340740,0
340800,0
340860,0
340920,0
340980,0
341040,0
341100,0
341160,0
341220,0
341280,0
341340,0
341400,0
341460,0
341520,0
341580,0
341640,0
341700,0
341760,0
341820,0
341880,0
341940,0
342000,0
342060,0
342120,0
342180,0
342240,0
342300,0
342360,0
342420,0
342480,0
342540,0
342600,0
342660,0
342720,0
342780,0
342840,0
342900,0
342960,0
343020,0
343080,0
343140,0
343200,0
343260,0
343320,0
343380,0
343440,0
343500,0
343560,0
343620,0
343680,0
343740,0
343800,0
343860,0
343920,0
343980,0
344040,0
344100,0
344160,0
344220,0
344280,0
344340,0
344400,0
344460,0
344520,0
344580,0
344640,0
344700,0
344760,0
344820,0
344880,0
344940,0
345000,0
345060,0
345120,0
345180,0
345240,0
345300,0
345360,0
345420,0
345480,0
345540,0
345600,0
345660,0
345720,0
345780,0
345840,0
345900,0
345960,0
346020,0
346080,0
346140,0
346200,0
346260,0
346320,0
346380,0
346440,0
346500,0
346560,0
346620,0
346680,0
346740,0
346800,0
346860,0
346920,0
346980,0
347040,0
347100,0
347160,0
347220,0
347280,0
347340,0
347400,0
347460,0
347520,0
347580,0
347640,0
347700,0
347760,0
347820,0
347880,0
347940,0
348000,0
348060,0
348120,0
348180,0
348240,0
348300,0
348360,0
348420,0
348480,0
348540,0
348600,0
348660,0
348720,0
348780,0
348840,0
348900,0
348960,0
349020,0
349080,0
349140,0
349200,0
349260,0
349320,0
349380,0
349440,0
349500,0
349560,0
349620,0
349680,0
349740,0
349800,0
349860,0
349920,0
349980,0
350040,0
350100,0
350160,0
350220,0
350280,0
350340,0
350400,0
350460,0
350520,0
350580,0
350640,0
350700,0
350760,0
350820,0
350880,0
350940,0
351000,0
351060,0
351120,0
351180,0
351240,0
351300,0
351360,0
351420,0
351480,0
351540,0
351600,0
351660,0
351720,0
351780,0
351840,0
351900,0
351960,0
352020,0
352080,0
352140,0
352200,0
352260,0
352320,0
352380,0
352440,0
352500,0
352560,0
352620,0
352680,0
352740,0
352800,0
352860,0
352920,0
352980,0
353040,0
353100,0
353160,0
353220,0
353280,0
353340,0
353400,0
353460,0
353520,0
353580,0
353640,0
353700,0
353760,0
353820,0
353880,0
353940,0
354000,0
354060,0
354120,0
354180,0
354240,0
354300,0
354360,0
354420,0
354480,0
354540,0
354600,0
354660,0
354720,0
354780,0
354840,0
354900,0
354960,0
355020,0
355080,0
355140,0
355200,0
355260,0
355320,0
355380,0
355440,0
355500,0
355560,0
355620,0
355680,0
355740,0
355800,0
355860,0
355920,0
355980,0
356040,0
356100,0
356160,0
356220,0
356280,0
356340,0
356400,0
356460,0
356520,0
356580,0
356640,0
356700,0
356760,0
356820,0
356880,0
356940,0
357000,0
357060,0
357120,0
357180,0
357240,0
357300,0
357360,0
357420,0
357480,0
357540,0
357600,0
357660,0
357720,0
357780,0
357840,0
357900,0
357960,0
358020,0
358080,0
358140,0
358200,0
358260,0
358320,0
358380,0
358440,0
358500,0
358560,0
358620,0
358680,0
358740,0
358800,0
358860,0
358920,0
358980,0
359040,0
359100,0
359160,0
359220,0
359280,0
359340,0
359400,0
359460,0
359520,0
359580,0
359640,0
359700,0
359760,0
359820,0
359880,0
359940,0
360000,0
360060,0
360120,0
360180,0
360240,0
360300,0
360360,0
360420,0
360480,0
360540,0
360600,0
360660,0
360720,0
360780,0
360840,0
360900,0
360960,0
361020,0
361080,0
361140,0
361200,0
361260,0
361320,0
361380,0
361440,0
361500,0
361560,0
361620,0
361680,0
361740,0
361800,0
361860,0
361920,0
361980,0
362040,0
362100,0
362160,0
362220,0
362280,0
362340,0
362400,0
362460,0
362520,0
362580,0
362640,0
362700,0
362760,0
362820,0
362880,0
362940,0
363000,0
363060,0
363120,0
363180,0
363240,0
363300,0
363360,0
363420,0
363480,0
363540,0
363600,0
363660,0
363720,0
363780,0
363840,0
363900,0
363960,0
364020,0
364080,0
364140,0
364200,0
364260,0
364320,0
364380,0
364440,0
364500,0
364560,0
364620,0
364680,0
364740,0
364800,0
364860,0
364920,0
364980,0
365040,0
365100,0
365160,0
365220,0
365280,0
365340,0
365400,0
365460,0
365520,0
365580,0
365640,0
365700,0
365760,0
365820,0
365880,0
365940,0
366000,0
366060,0
366120,0
366180,0
366240,0
366300,0
366360,0
366420,0
366480,0
366540,0
366600,0
366660,0
366720,0
366780,0
366840,0
366900,0
366960,0
367020,0
367080,0
367140,0
367200,0
367260,0
367320,0
367380,0
367440,0
367500,0
367560,0
367620,0
367680,0
367740,0
367800,0
367860,0
367920,0
367980,0
368040,0
368100,0
368160,0
368220,0
368280,0
368340,0
368400,0
368460,0
368520,0
368580,0
368640,0
368700,0
368760,0
368820,0
368880,0
368940,0
369000,0
369060,0
369120,0
369180,0
369240,0
369300,0
369360,0
369420,0
369480,0
369540,0
369600,0
369660,0
369720,0
369780,0
369840,0
369900,0
369960,0
370020,0
370080,0
370140,0
370200,0
370260,0
370320,0
370380,0
370440,0
370500,0
370560,0
370620,0
370680,0
370740,0
370800,0
370860,0
370920,0
370980,0
371040,0
371100,0
371160,0
371220,0
371280,0
371340,0
371400,0
371460,0
371520,0
371580,0
371640,0
371700,0
371760,0
371820,0
371880,0
371940,0
372000,0
372060,0
372120,0
372180,0
372240,0
372300,0
372360,0
372420,0
372480,0
372540,0
372600,0
372660,0
372720,0
372780,0
372840,0
372900,0
372960,0
373020,0
373080,0
373140,0
373200,0
373260,0
373320,0
373380,0
373440,0
373500,0
373560,0
373620,0
373680,0
373740,0
373800,0
373860,0
373920,0
373980,0
374040,0
374100,0
374160,0
374220,0
374280,0
374340,0
374400,0
374460,0
374520,0
374580,0
374640,0
374700,0
374760,0
374820,0
374880,0
374940,0
375000,0
375060,0
375120,0
375180,0
375240,0
375300,0
375360,0
375420,0
375480,0
375540,0
375600,0
375660,0
375720,0
375780,0
375840,432
375900,432
375960,432
376020,432
376080,432
376140,432
376200,864
376260,864
376320,864
376380,432
376440,432
376500,432
376560,432
376620,432
376680,432
376740,432
376800,432
376860,432
376920,432
376980,432
377040,432
377100,432
377160,432
377220,432
377280,939
377340,1371
377400,1371
377460,1446
377520,1446
377580,1446
377640,1446
377700,1446
377760,1953
377820,1953
377880,1953
377940,1953
378000,1953
378060,1953
378120,1953
378180,1953
378240,1953
378300,2967
378360,2967
378420,2967
378480,2967
378540,2967
378600,2967
378660,3042
378720,3042
378780,3042
378840,3699
378900,3267
378960,3267
379020,3924
379080,3924
379140,3999
379200,4938
379260,5445
379320,5520
379380,5520
379440,6102
379500,6102
379560,6102
379620,6102
379680,6102
379740,6102
379800,6534
379860,6684
379920,6684
379980,6684
380040,7191
380100,7191
380160,7266
380220,7266
380280,8130
380340,8130
380400,8205
380460,8205
380520,8712
380580,9219
380640,9219
380700,9369
380760,9369
380820,9369
380880,9369
380940,9369
381000,8937
381060,9369
381120,9369
381180,9297.0
381240,9372.0
381300,9447.0
381360,9807.0
381420,9882.0
381480,9882.0
381540,9882.0
381600,9882.0
381660,9810.0
381720,9453.0
381780,9885.0
381840,9885.0
381900,9885.0
381960,9885.0
382020,9885.0
382080,9885.0
382140,9882.0
382200,9810.0
382260,9810.0
382320,10671.0
382380,11103.0
382440,11253.0
382500,10821.0
382560,10392.0
382620,10464.0
382680,10539.0
382740,10899.0
382800,11409.0
382860,11052.0
382920,11052.0
382980,11052.0
383040,10908.0
383100,10908.0
383160,10905.0
383220,10833.0
383280,10833.0
383340,10833.0
383400,10761.0
383460,10257.0
383520,10110.0
383580,10257.0
383640,10692.0
383700,10692.0
383760,10689.0
383820,10617.0
383880,10617.0
383940,10473.0
384000,10827.0
384060,10902.0
384120,10545.0
384180,10974.0
384240,10974.0
384300,10902.0
384360,10974.0
384420,11403.0
384480,11397.0
384540,11829.0
384600,11250.0
384660,10818.0
384720,10818.0
384780,10890.0
384840,10965.0
384900,10527.0
384960,10524.0
385020,10599.0
385080,11031.0
385140,11031.0
385200,11106.0
385260,11103.0
385320,11103.0
385380,11103.0
385440,11535.0
385500,11535.0
385560,11961
385620,11889.0
385680,11964.0
385740,11964.0
385800,11964.0
385860,11964.0
385920,11532.0
385980,11532.0
386040,11607.0
386100,11607.0
386160,11607.0
386220,11607.0
386280,11607.0
386340,11535.0
386400,11535.0
386460,11535.0
386520,11535.0
386580,11532.0
386640,11532.0
386700,11388.0
386760,11388.0
386820,10524.0
386880,10020.0
386940,10527.0
387000,10095.0
387060,10245.0
387120,10680.0
387180,10323.0
387240,10323.0
387300,10470.0
387360,10545.0
387420,10620.0
387480,10548.0
387540,9972.0
387600,10479.0
387660,10473.0
387720,10473.0
387780,10473.0
387840,10113.0
387900,10620.0
387960,10695.0
388020,10695.0
388080,10692.0
388140,11199.0
388200,11199.0
388260,11199.0
388320,11199.0
388380,11631.0
388440,12060.0
388500,12054
388560,12486
388620,12054
388680,11625.0
388740,11625.0
388800,12132.0
388860,12564.0
388920,12567.0
388980,12567.0
389040,12999.0
389100,12570.0
389160,12138.0
389220,11781.0
389280,11856.0
389340,11856.0
389400,11856.0
389460,11856.0
389520,11856.0
389580,11856.0
389640,11853.0
389700,11853.0
389760,11421.0
389820,11421.0
389880,11418.0
389940,11850.0
390000,11850.0
390060,11847
390120,11847
390180,11847
390240,11847
390300,11847
390360,11847
390420,11631.0
390480,11199.0
390540,11202.0
390600,10770.0
390660,10770.0
390720,10770.0
390780,10338.0
390840,10266.0
390900,10266.0
390960,10194.0
391020,10122.0
391080,10050.0
391140,10050.0
391200,10557.0
391260,10557.0
391320,10992.0
391380,10983.0
391440,10983.0
391500,11412.0
391560,11412.0
391620,11055.0
391680,11919.0
391740,12279.0
391800,11919.0
391860,11919.0
391920,11484.0
391980,11841.0
392040,11766.0
392100,11409.0
392160,11265.0
392220,10761.0
392280,10254.0
392340,9825.0
392400,8961.0
392460,8889.0
392520,9321.0
392580,9249.0
392640,9249.0
392700,9534.0
392760,9534.0
392820,9462.0
392880,9969.0
392940,9966.0
393000,9459.0
393060,9387.0
393120,9888.0
393180,9885.0
393240,10032.0
393300,9597.0
393360,9165.0
393420,9090.0
393480,9954.0
393540,9807.0
393600,8871.0
393660,8361.0
393720,8289.0
393780,7854.0
393840,8283.0
393900,7347.0
393960,6912.0
394020,7269.0
394080,7197.0
394140,6765.0
394200,6765.0
394260,6765.0
394320,6765.0
394380,7194.0
394440,7050.0
394500,6612.0
394560,6033.0
394620,5097.0
394680,5022.0
394740,4590.0
394800,3942.0
394860,3867.0
394920,3795.0
394980,3360.0
395040,3357.0
395100,3357.0
395160,3357.0
395220,2925.0
395280,2925.0
395340,2925.0
395400,2919.0
395460,2919.0
395520,2913.0
395580,2910.0
395640,2907.0
395700,2907.0
395760,2898.0
395820,2895.0
395880,2892
395940,2892
396000,2892
396060,2460
396120,1884.0
396180,1812.0
396240,1380.0
396300,1380.0
396360,1380.0
396420,1380.0
396480,1380.0
396540,1380.0
396600,1380.0
396660,1380.0
396720,1380.0
396780,1380.0
396840,1380.0
396900,1380.0
396960,1887.0
397020,2394.0
397080,2895.0
397140,2892
397200,2892
397260,2892
397320,2967
397380,2967
397440,2967
397500,2967
397560,2967
397620,2967
397680,2967
397740,3981
397800,4056
397860,4563
397920,4563
397980,4563
398040,4638
398100,5220
398160,5220
398220,5295
398280,5295
398340,5370
398400,5370
398460,5370
398520,5445
398580,5445
398640,5520
398700,5595
398760,5595
398820,5595
398880,6252
398940,6252
399000,6252
399060,6327
399120,6759
399180,6759
399240,6834
399300,6834
399360,7341
399420,6909
399480,6909
399540,6909
399600,7341
399660,7341
399720,7341
399780,7341
399840,7776.0
399900,7776.0
399960,8208.0
400020,8640.0
400080,8865.0
400140,8508.0
400200,8940.0
400260,9372.0
400320,8940.0
400380,8658.0
400440,8658.0
400500,8658.0
400560,8658.0
400620,9090.0
400680,9165.0
400740,9672.0
400800,9672.0
400860,9315.0
400920,9315.0
400980,9603.0
401040,9603.0
401100,9678.0
401160,9606.0
401220,9249.0
401280,10113.0
401340,10113.0
401400,9756.0
401460,9756.0
401520,9831.0
401580,9831.0
401640,9831.0
401700,9831.0
401760,9828.0
401820,9828.0
401880,9828.0
401940,9822.0
402000,10254.0
402060,10254.0
402120,10179.0
402180,10611.0
402240,10182.0
402300,10182.0
402360,10542.0
402420,10542.0
402480,10542.0
402540,10617.0
402600,10617.0
402660,10617.0
402720,10617.0
402780,10617.0
402840,10617.0
402900,11049.0
402960,11481.0
403020,11631.0
403080,11628.0
403140,11196.0
403200,11193.0
403260,11049.0
403320,10614.0
403380,10614.0
403440,10110.0
403500,10110.0
403560,10185.0
403620,10185.0
403680,10545.0
403740,10545.0
403800,10620.0
403860,10620.0
403920,10620.0
403980,11052.0
404040,11412.0
404100,10908.0
404160,10908.0
404220,11337.0
404280,11337.0
404340,11334.0
404400,10899.0
404460,10899.0
404520,10899.0
404580,10974.0
404640,10971.0
404700,10971.0
404760,10971.0
404820,10971.0
404880,10971.0
404940,10971.0
405000,10968.0
405060,10965
405120,10965
405180,10965
405240,11397
405300,11325.0
405360,10893.0
405420,11253.0
405480,11685.0
405540,11685.0
405600,11253.0
405660,11253.0
405720,11328.0
405780,11328.0
405840,10896.0
405900,10896.0
405960,10896.0
406020,10896.0
406080,10896.0
406140,10896.0
406200,10896.0
406260,10893.0
406320,10893.0
406380,10890
406440,11322
406500,10890
406560,11322
406620,11322
406680,11322
406740,11322
406800,10965
406860,10965
406920,10965
406980,10965
407040,11397
407100,11472
407160,11472
407220,11400.0
407280,11400.0
407340,11400.0
407400,11400.0
407460,11400.0
407520,11400.0
407580,11400.0
407640,10968.0
407700,10896.0
407760,11328.0
407820,11616.0
407880,11184.0
407940,11259.0
408000,11187.0
408060,10755.0
408120,10755.0
408180,10752.0
408240,10752.0
408300,10752.0
408360,11616.0
408420,11544.0
408480,11544.0
408540,11544.0
408600,11976.0
408660,11973.0
408720,11541.0
408780,11535.0
408840,11178.0
408900,11178.0
408960,11175.0
409020,11175.0
409080,11175.0
409140,11175.0
409200,11250.0
409260,11250.0
409320,11250.0
409380,11247
409440,11175.0
409500,11175.0
409560,11607.0
409620,11535.0
409680,11178.0
409740,11178.0
409800,11253.0
409860,11181.0
409920,10749.0
409980,10749.0
410040,10317.0
410100,10749.0
410160,10749.0
410220,10749.0
410280,10749.0
410340,10749.0
410400,9810.0
410460,9810.0
410520,9810.0
410580,9735.0
410640,9735.0
410700,9735.0
410760,9735.0
410820,9732.0
410880,9375.0
410940,9807.0
411000,9807.0
411060,9807.0
411120,9882.0
411180,9882.0
411240,9093.0
411300,9021.0
411360,8514.0
411420,8442.0
411480,8442.0
411540,8439.0
411600,8439.0
411660,8799.0
411720,9231.0
411780,9663.0
411840,9159.0
411900,8727.0
411960,8727.0
412020,8727.0
412080,8805.0
412140,8448.0
412200,9744.0
412260,9525.0
412320,9090.0
412380,9015.0
412440,9015.0
412500,8655.0
412560,8586.0
412620,9015.0
412680,9375.0
412740,8439.0
412800,7932.0
412860,7503.0
412920,7146.0
412980,7146.0
413040,7575.0
413100,7575.0
413160,7146.0
413220,7065.0
413280,6633.0
413340,6633.0
413400,6633.0
413460,6633.0
413520,7059.0
413580,7059.0
413640,7131.0
413700,7056.0
413760,7053.0
413820,7050.0
413880,7413.0
413940,7413.0
414000,6981.0
414060,6834.0
414120,6909.0
414180,6834.0
414240,6762.0
414300,6690.0
414360,6258.0
414420,6186.0
414480,5754.0
414540,5754.0
414600,5754.0
414660,5679.0
414720,5679.0
414780,5679.0
414840,6105.0
414900,6033.0
414960,5169.0
415020,5598.0
415080,5238.0
415140,5235.0
415200,5235.0
415260,5232.0
415320,5232.0
415380,5229.0
415440,5229.0
415500,5229.0
415560,5229.0
415620,5226.0
415680,4794.0
415740,5226.0
415800,5226.0
415860,5223.0
415920,5223.0
415980,5220
416040,5220
416100,4788
416160,5220
416220,5076.0
416280,5076.0
416340,5076.0
416400,5076.0
416460,4644.0
416520,4140.0
416580,4140.0
416640,4140.0
416700,4140.0
416760,3708.0
416820,3708.0
416880,3708.0
416940,3708.0
417000,3708.0
417060,3276.0
417120,3636.0
417180,3630.0
417240,3630.0
417300,3630.0
417360,3630.0
417420,3558.0
417480,3555.0
417540,3411.0
417600,3411.0
417660,3411.0
417720,3408.0
417780,3408.0
417840,3408.0
417900,3408.0
417960,2976.0
418020,2832.0
418080,2397.0
418140,2253.0
418200,1389.0
418260,1317.0
418320,1317.0
418380,1314.0
418440,1314.0
418500,1311.0
418560,1311.0
418620,879.0
418680,879.0
418740,879.0
418800,879.0
418860,879.0
418920,876.0
418980,873.0
419040,873.0
419100,867.0
419160,867.0
419220,432
419280,864
419340,864
419400,864
419460,864
419520,864
419580,864
419640,864
419700,864
419760,432
419820,432
419880,432
419940,432
420000,432
420060,432
420120,432
420180,432
420240,0
420300,0
420360,0
420420,0
420480,0
420540,0
420600,0
420660,0
420720,0
420780,0
420840,0
420900,0
420960,0
421020,0
421080,0
421140,0
421200,0
421260,0
421320,0
421380,0
421440,0
421500,0
421560,0
421620,0
421680,0
421740,0
421800,0
421860,0
421920,0
421980,0
422040,0
422100,0
422160,0
422220,0
422280,0
422340,0
422400,0
422460,0
422520,0
422580,0
422640,0
422700,0
422760,0
422820,0
422880,0
422940,0
423000,0
423060,0
423120,0
423180,0
423240,0
423300,0
423360,0
423420,0
423480,0
423540,0
423600,0
423660,0
423720,0
423780,0
423840,0
423900,0
423960,0
424020,0
424080,0
424140,0
424200,0
424260,0
424320,0
424380,0
424440,0
424500,0
424560,0
424620,0
424680,0
424740,0
424800,0
424860,0
424920,0
424980,0
425040,0
425100,0
425160,0
425220,0
425280,0
425340,0
425400,0
425460,0
425520,0
425580,0
425640,0
425700,0
425760,0
425820,0
425880,0
425940,0
426000,0
426060,0
426120,0
426180,0
426240,0
426300,0
426360,0
426420,0
426480,0
426540,0
426600,0
426660,0
426720,0
426780,0
426840,0
426900,0
426960,0
427020,0
427080,0
427140,0
427200,0
427260,0
427320,0
427380,0
427440,0
427500,0
427560,0
427620,0
427680,0
427740,0
427800,0
427860,0
427920,0
427980,0
428040,0
428100,0
428160,0
428220,0
428280,0
428340,0
428400,0
428460,0
428520,0
428580,0
428640,0
428700,0
428760,0
428820,0
428880,0
428940,0
429000,0
429060,0
429120,0
429180,0
429240,0
429300,0
429360,0
429420,0
429480,0
429540,0
429600,0
429660,0
429720,0
429780,0
429840,0
429900,0
429960,0
430020,0
430080,0
430140,0
430200,0
430260,0
430320,0
430380,0
430440,0
430500,0
430560,0
430620,0
430680,0
430740,0
430800,0
430860,0
430920,0
430980,0
431040,0
431100,0
431160,0
431220,0
431280,0
431340,0
431400,0
431460,0
431520,0
431580,0
431640,0
431700,0
431760,0
431820,0
431880,0
